Time,AnkleAngle(deg),ActuatorMoment
0.63,-1.02720789,-0
0.63000356,-1.02725749,-0
0.63000712,-1.0273071,-0
0.63002491,-1.02755528,-0
0.63011386,-1.02879994,-0
0.6304013,-1.03286496,-0
0.63068874,-1.03699816,-0
0.63104984,-1.04229434,-0
0.63151765,-1.04934226,-0
0.6321611,-1.0594068,-0
0.63296857,-1.07266784,-0
0.63348612,-1.08152679,-0
0.63400368,-1.09064715,-0
0.635,-1.10880217,-0
0.63500592,-1.10891188,-0
0.63501184,-1.10902161,-0
0.63504145,-1.1095705,-0
0.63518951,-1.11232069,-0
0.63592976,-1.12617645,-0
0.6370568,-1.14741747,-0
0.63818385,-1.16871712,-0
0.6391822,-1.1877252,-0
0.64,-1.20351307,-0
0.64000906,-1.20368948,-0
0.64001812,-1.20386593,-0
0.6400634,-1.20474876,-0
0.64028985,-1.20917848,-0
0.64142207,-1.23178877,-0
0.64250108,-1.25419581,-0
0.64358009,-1.27756154,-0
0.64465911,-1.30186628,-0
0.645,-1.30971152,-0
0.64501189,-1.30998641,-0
0.64502378,-1.31026138,-0
0.64508324,-1.31163738,-0
0.64538052,-1.31854503,-0
0.64686691,-1.35362788,-0
0.64803917,-1.38182599,-0
0.64921143,-1.41054079,-0
0.65,-1.4301649,-0
0.65001264,-1.43048139,-0
0.65002528,-1.43079795,-0
0.65008848,-1.43238163,-0
0.65040447,-1.44032228,-0
0.65150189,-1.46818125,-0
0.65259931,-1.49648608,-0
0.65407831,-1.53541294,-0
0.655,-1.56006067,-0
0.65500898,-1.56030178,-0
0.65501796,-1.5605429,-0
0.65506287,-1.56174868,-0
0.65528739,-1.5677818,-0
0.65640999,-1.59800237,-0
0.65753259,-1.62826337,-0
0.65865519,-1.65865905,-0
0.65977779,-1.68929381,-0
0.66,-1.69538504,-0
0.66001,-1.69565935,-0
0.66002,-1.69593367,-0
0.66007,-1.6973055,-0
0.66032,-1.70417003,-0
0.66142082,-1.73448483,-0
0.66252164,-1.76492805,-0
0.66400507,-1.80623115,-0
0.665,-1.83405248,-0
0.66501701,-1.83452773,-0
0.66503401,-1.83500294,-0
0.66511905,-1.83737849,-0
0.66554421,-1.84923988,-0
0.66689199,-1.88656634,-0
0.66793464,-1.91512519,-0
0.66897729,-1.94348806,-0
0.67,-1.97114809,-0
0.6700229,-1.97176533,-0
0.67004581,-1.97238246,-0
0.67016032,-1.97546644,-0
0.67073289,-1.99084071,-0
0.67204765,-2.02581409,-0
0.67310527,-2.05362835,-0
0.6741629,-2.08121825,-0
0.675,-2.10287299,-0
0.67501574,-2.10327822,-0
0.67503148,-2.10368336,-0
0.67511019,-2.1057078,-0
0.67550374,-2.11579617,-0
0.67650707,-2.14121764,-0
0.6775104,-2.16614481,-0
0.67851374,-2.1905672,-0
0.67951707,-2.2144839,-0
0.68,-2.2257994,-0
0.68000865,-2.22600089,-0
0.68001731,-2.22620234,-0
0.68006057,-2.2272089,-0
0.68027688,-2.23222462,-0
0.68125655,-2.25456655,-0
0.68223621,-2.27626738,-0
0.68321588,-2.29734724,-0
0.68419554,-2.31785752,-0
0.685,-2.3342773,-0
0.68501023,-2.33448367,-0
0.68502047,-2.33468996,-0
0.68507164,-2.33572046,-0
0.68532752,-2.34084813,-0
0.68625838,-2.35914193,-0
0.68718924,-2.37684868,-0
0.68846888,-2.40022643,-0
0.68955912,-2.41922395,-0
0.69,-2.42663076,-0
0.69001027,-2.4268012,-0
0.69002054,-2.42697154,-0
0.69007189,-2.42782177,-0
0.69032862,-2.43203534,-0
0.69157652,-2.45156523,-0
0.69258475,-2.46614866,-0
0.69359298,-2.47971253,-0
0.6946012,-2.49232108,-0
0.695,-2.49704765,-0
0.69501057,-2.49717094,-0
0.69502115,-2.49729412,-0
0.69507401,-2.49790844,-0
0.69533832,-2.50094065,-0
0.69645403,-2.51300831,-0
0.69756973,-2.52388716,-0
0.69868543,-2.53361133,-0
0.69980113,-2.54215254,-0
0.7,-2.54353939,-0
0.70001408,-2.54363596,-0
0.70002817,-2.5437323,-0
0.70009859,-2.54421068,-0
0.7004507,-2.54651757,-0
0.70152025,-2.55260915,-0
0.7025898,-2.55726785,-0
0.70383344,-2.56094408,-0
0.70492936,-2.56269313,-0
0.705,-2.56275751,-0
0.70501262,-2.56276839,-0
0.70502524,-2.56277908,-0
0.70508834,-2.56282968,-0
0.70540386,-2.5630113,-0
0.70662275,-2.56258023,-0
0.70784165,-2.56036578,-0
0.70906054,-2.5564637,-0
0.71,-2.5522814,-0
0.71001138,-2.55222401,-0
0.71002276,-2.55216645,-0
0.71007965,-2.55187615,-0
0.71036412,-2.5503606,-0
0.71144572,-2.54357911,-0
0.71252732,-2.5351318,-0
0.71360892,-2.52508512,-0
0.71469052,-2.51352215,-0
0.715,-2.5099324,-0
0.71502521,-2.50963432,-0
0.71505042,-2.5093354,-0
0.71517649,-2.50782794,-0
0.7158068,-2.49996627,-0
0.71711568,-2.48189078,-0
0.71842456,-2.46154749,-0
0.71973345,-2.43907866,-0
0.72,-2.43423383,-0
0.72001764,-2.43390983,-0
0.72003528,-2.43358541,-0
0.72012348,-2.43195691,-0
0.72056449,-2.42365213,-0
0.72195266,-2.39567328,-0
0.72317221,-2.36881111,-0
0.72439176,-2.33997933,-0
0.725,-2.32487543,-0
0.72503087,-2.32409578,-0
0.72506173,-2.32331485,-0
0.72521606,-2.31939074,-0
0.72598769,-2.29927648,-0
0.72743767,-2.25923674,-0
0.72966848,-2.19239706,-0
0.73,-2.18194637,-0
0.73002199,-2.18124806,-0
0.73004399,-2.18054913,-0
0.73015396,-2.17704508,-0
0.73070383,-2.15928533,-0
0.73217951,-2.10958815,-0
0.73347519,-2.06358533,-0
0.73477086,-2.01553508,-0
0.735,-2.00682138,-0
0.73501187,-2.00636818,-0
0.73502374,-2.00591479,-0
0.73508309,-2.00364513,-0
0.73537983,-1.99222796,-0
0.73686356,-1.93337142,-0
0.73813899,-1.88046531,-0
0.73941442,-1.82562274,-0
0.74,-1.79980798,-0
0.74003004,-1.79847273,-0
0.74006007,-1.79713637,-0
0.74021025,-1.79043791,-0
0.74096115,-1.75652125,-0
0.7425665,-1.68161209,-0
0.74417185,-1.60370656,-0
0.745,-1.5624458,-0
0.74501612,-1.56163532,-0
0.74503224,-1.56082455,-0
0.74511284,-1.55676647,-0
0.74551585,-1.53636847,-0
0.74712904,-1.45289183,-0
0.74851621,-1.37889798,-0
0.74990339,-1.30307804,-0
0.75,-1.29772927,-0
0.75004806,-1.29506537,-0
0.75009611,-1.2923992,-0
0.75033639,-1.27903383,-0
0.75153776,-1.21132146,-0
0.75290545,-1.13245694,-0
0.75427313,-1.05190676,-0
0.755,-1.00845684,-0
0.75505477,-1.00516463,-0
0.75510954,-1.00186981,-0
0.75538338,-0.98535624,-0
0.75675258,-0.90178377,-0
0.75812178,-0.81661054,-0
0.75949098,-0.73008249,-0
0.76,-0.69758855,-0
0.76004814,-0.69450613,-0
0.76009628,-0.69142205,-0
0.76033697,-0.67597643,-0
0.76154041,-0.59809835,-0
0.76289175,-0.50938943,-0
0.76424309,-0.41957558,-0
0.765,-0.36883859,-0
0.76505751,-0.3649707,-0
0.76511501,-0.3611009,-0
0.76540255,-0.34172298,-0
0.76684022,-0.24408355,-0
0.76827789,-0.14529614,-0
0.76971557,-0.04566535,-0
0.77,-0.02586145,-0
0.77002762,-0.02393681,-0
0.77005523,-0.02201186,-0
0.77019332,-0.01238225,-0
0.77088374,0.03589222,-0
0.77251436,0.15076383,-0
0.77448152,0.29048495,-0
0.775,0.32745264,-0
0.77502522,0.32925243,-0
0.77505044,0.33105239,-0
0.77517653,0.34005472,-0
0.775807,0.38513449,-0
0.77744255,0.50263582,-0
0.77979418,0.67231588,-0
0.78,0.68718157,-0
0.78003146,0.68945394,-0
0.78006291,0.69172641,-0
0.78022019,0.70309043,-0
0.7810066,0.75996174,-0
0.78266937,0.88051152,-0
0.78433214,1.00109439,-0
0.785,1.04945617,-0
0.78504978,1.05306007,-0
0.78509957,1.05666387,-0
0.78534848,1.07468181,-0
0.78659306,1.16477443,-0
0.78796726,1.26421296,-0
0.78934147,1.36332528,-0
0.79,1.41066246,-0
0.79001437,1.41169417,-0
0.79002873,1.41272585,-0
0.79010057,1.41788365,-0
0.79045973,1.44365934,-0
0.79212596,1.56300405,-0
0.79355688,1.66506411,-0
0.79380787,1.68290149,-0
0.79402824,1.69854515,-0
0.79412853,1.70565873,-0
0.79420692,1.71121697,-0
0.7942438,1.71383131,-0
0.79425083,1.7143296,-0
0.79425786,1.71482788,-0
0.79429301,1.71731908,-0
0.79446876,1.72977073,-0
0.795,1.76736725,-0
0.79501545,1.76845958,-0
0.79503089,1.76955186,-0
0.79510812,1.77501263,-0
0.79549428,1.80230215,-0
0.7964865,1.87234402,-0
0.79747871,1.94231878,-0
0.79876874,2.03316607,-0
0.8,2.1197717,-0
0.80002869,2.12179044,-0.00309839675245907
0.80005738,2.12380926,-0.00619670872383256
0.80020084,2.13390424,-0.0216869967609887
0.80091813,2.18437378,-0.0991066422961827
0.802402,2.28831642,-0.259099233810706
0.8041858,2.41084435,-0.451130050255005
0.805,2.46539052,-0.538671964268775
0.80502982,2.46736947,-0.539903010945041
0.80505963,2.46934709,-0.541134024893702
0.80520871,2.47921551,-0.547288556353094
0.8059541,2.52808888,-0.578047976218237
0.80712517,2.60347359,-0.626329407000587
0.80829624,2.67741463,-0.674581695625575
0.80946732,2.75021293,-0.722783227611247
0.81,2.78307543,-0.744691842743015
0.81001975,2.78429204,-0.746844730143383
0.8100395,2.78550854,-0.748997579464914
0.81013826,2.79158946,-0.759761254185113
0.81063203,2.82195645,-0.813565354984633
0.81166633,2.88538411,-0.926190096168648
0.81234802,2.92705004,-1.00036227356226
0.81302971,2.968569,-1.07448908895052
0.8137114,3.00989645,-1.14857054054413
0.81430017,3.04541378,-1.2125172496779
0.81488893,3.08076305,-1.27643012473404
0.815,3.08741298,-1.28848293287261
0.81502308,3.08879437,-1.29148364695854
0.81504617,3.09017552,-1.2944842930046
0.81516159,3.09707757,-1.30948660579362
0.81573868,3.13149376,-1.38447482887152
0.81631577,3.16574834,-1.45942414174418
0.81689287,3.19983001,-1.53433453664729
0.81746996,3.23371615,-1.60920602609229
0.81836571,3.28584968,-1.72534214744946
0.81926145,3.33734074,-1.84138453041395
0.82,3.37930826,-1.93702249027594
0.8200355,3.38131487,-1.94255904051262
0.82007099,3.38332054,-1.94809544727154
0.82024848,3.39333497,-1.97577517164072
0.82105511,3.4385559,-2.10152399588222
0.82186173,3.4832967,-2.2271944206068
0.8231144,3.55175266,-2.42220185292443
0.82436707,3.61883128,-2.61702018583103
0.825,3.65222131,-2.71538405940494
0.82504988,3.65483989,-2.72496145357605
0.82509976,3.65745669,-2.73453847679276
0.82534916,3.670514,-2.78241804547032
0.82659617,3.73514183,-3.02167710217067
0.82792816,3.80291087,-3.27698665624318
0.82926015,3.86919412,-3.53203232003257
0.83,3.90537089,-3.6735816478569
0.83003209,3.90693087,-3.68074229766607
0.83006419,3.90849011,-3.68790275384737
0.83022466,3.9162752,-3.72370240212376
0.83102702,3.95492611,-3.90263368058242
0.83208463,4.0051756,-4.1383152966349
0.8334859,4.07042106,-4.45058801734383
0.83488716,4.13401872,-4.76265946591556
0.835,4.13907273,-4.78777744603312
0.8350674,4.14208709,-4.80408381635725
0.8351348,4.1450982,-4.82038947218082
0.83547179,4.16010571,-4.9019070505115
0.83710015,4.23153682,-5.29554685663008
0.83848702,4.29088159,-5.63047843288857
0.83987388,4.34869515,-5.96510750544183
0.84,4.35387945,-5.9955235305528
0.84005604,4.35617918,-6.00926102497904
0.84011207,4.35847667,-6.02299803595532
0.84039225,4.36993114,-6.09167550584255
0.84179314,4.42642474,-6.43487461899956
0.84319404,4.48160847,-6.77775995443526
0.84459493,4.53530311,-7.12033155315872
0.845,4.55054869,-7.21932789380734
0.84529696,4.56165056,-7.28942545285809
0.84559393,4.57269207,-7.35953585780428
0.84707875,4.62706685,-7.70992525731549
0.84856357,4.68001508,-8.06004352740152
0.85,4.72971473,-8.39849271695983
0.85017044,4.73551474,-8.4361816084904
0.85034088,4.74129561,-8.4738671447194
0.85119306,4.76993252,-8.66224452616425
0.85272831,4.82047328,-9.00139972226063
0.85426355,4.86951158,-9.3402826330368
0.855,4.89246143,-9.50274753761328
0.85545075,4.90633643,-9.59651590815988
0.8559015,4.92009235,-9.69026212092547
0.85750306,4.96809007,-10.0231720775643
0.85961559,5.02908302,-10.4630682145256
0.86,5.03988136,-10.5430965463757
0.86101365,5.06797164,-10.7494567712269
0.8620273,5.09556904,-10.9557326975277
0.86341334,5.13247902,-11.2376526221514
0.86479937,5.16831033,-11.5194149539679
0.865,5.17341199,-11.5601863615193
0.86537827,5.18297929,-11.6391396617091
0.86575654,5.19248297,-11.7180809067104
0.86740828,5.23329786,-12.0626427491414
0.8697599,5.28923942,-12.5528062540012
0.87,5.2948043,-12.6028245732181
0.87046419,5.30550131,-12.7062946784535
0.87092838,5.31612231,-12.8099048298102
0.87260424,5.35387298,-13.1838316713407
0.8742801,5.39053654,-13.5575503930476
0.875,5.4059418,-13.718026398811
0.87559336,5.4185188,-13.8623498788816
0.87618671,5.43100107,-14.0066449315668
0.87768442,5.46209746,-14.3707381003479
0.87918213,5.49248115,-14.7346500055696
0.88,5.50877241,-14.9332991252944
0.88060298,5.52068657,-15.0931679882573
0.88120597,5.53253348,-15.2530047748521
0.88272,5.56198905,-15.6541989252619
0.88423404,5.59090566,-16.0555462864614
0.885,5.60533097,-16.258561699299
0.88586842,5.62158394,-16.5064257228393
0.88673684,5.6377561,-16.7542259696802
0.88820272,5.66484207,-17.1723667450767
0.8896686,5.69155865,-17.5903257984221
0.89,5.69755603,-17.6847898510267
0.89067777,5.70979687,-17.888327323972
0.89135553,5.72201555,-18.0918239084818
0.89286819,5.74920899,-18.5458451161172
0.89438085,5.7761842,-18.9996625238465
0.895,5.78716263,-19.1853568862543
0.89597364,5.80440658,-19.4847574258602
0.89694728,5.82166327,-19.7841585556265
0.8984925,5.84904401,-20.2591560855119
0.9,5.87564843,-20.7223573090903
0.90050325,5.88452083,-20.8762349181011
0.90100649,5.89340232,-21.0300905801817
0.90281005,5.92535906,-21.5813054113171
0.9046136,5.95736509,-22.1322380203843
0.905,5.96421723,-22.250233644948
0.90562012,5.97522241,-22.4334182906158
0.90624025,5.98625332,-22.6165706098408
0.90779657,6.01409796,-23.0760843792913
0.90935289,6.04205695,-23.5352090802004
0.91,6.05369022,-23.7260100410587
0.91039675,6.06082956,-23.8344077194518
0.91079349,6.06798121,-23.9427925174356
0.91259574,6.10074585,-24.4349757598367
0.91480095,6.14132026,-25.0368457924142
0.915,6.14499746,-25.0911514941731
0.91516792,6.14810201,-25.1243429349186
0.91533584,6.15121002,-25.1575326917634
0.91617544,6.16684316,-25.3234562026383
0.91760985,6.19404673,-25.6068326537229
0.91904427,6.22170345,-25.8900861271248
0.92,6.24018535,-26.0787448840789
0.92015662,6.24321047,-26.0995684572473
0.92031324,6.24623461,-26.1203910329904
0.92109633,6.26136073,-26.2244660122085
0.92258279,6.29019243,-26.4217607605095
0.92406926,6.31906336,-26.6189620769507
0.925,6.33706085,-26.7423911046252
0.9250786,6.33857734,-26.748736983708
0.9251572,6.34009343,-26.7550826998354
0.9255502,6.34767139,-26.7868088535708
0.92751519,6.38573539,-26.9453788789484
0.92996144,6.43336522,-27.142643078047
0.93,6.434114,-27.1457515258994
0.93017078,6.43742904,-27.156595344606
0.93034155,6.44074271,-27.1674385936473
0.93119544,6.45730103,-27.2216455112424
0.93271641,6.48677713,-27.3181632199933
0.93423738,6.51609954,-27.4146259711532
0.935,6.53072489,-27.462969773948
0.93510261,6.53269087,-27.4699377786191
0.93520522,6.53465671,-27.4769055465946
0.93571826,6.54448635,-27.5117408943981
0.93761599,6.58091163,-27.6405443210406
0.93951371,6.61727166,-27.7692671248687
0.94,6.6265616,-27.8022388697031
0.94006344,6.62777339,-27.81013689927
0.94012687,6.62898516,-27.8180348110173
0.94044405,6.63504257,-27.85752182503
0.94202996,6.66518228,-28.0548964734205
0.94361586,6.69484298,-28.2521705334745
0.945,6.72035727,-28.4242647138767
0.94513355,6.7228154,-28.4523366995867
0.94526709,6.72527431,-28.4804075405993
0.94593482,6.73757236,-28.6207437651955
0.94783354,6.77241466,-29.0200272161041
0.94973226,6.80687711,-29.4191611306082
0.95,6.81172687,-29.475426111272
0.95008096,6.81319452,-29.4986808338593
0.95016192,6.81466273,-29.5219349948908
0.95056673,6.82200987,-29.6381973348983
0.95250183,6.85709445,-30.1937675134625
0.955,6.90176717,-30.9105224329932
0.95515598,6.90454252,-30.9685313876904
0.95531197,6.90731829,-31.0265376035254
0.95609188,6.92118459,-31.3165284665425
0.95777469,6.95083635,-31.9420087191462
0.95945751,6.97991007,-32.5672913319833
0.96,6.98920042,-32.7688756398385
0.96003274,6.98976102,-32.7784695612531
0.96006548,6.99032168,-32.7880633937213
0.9602292,6.99312624,-32.8360311146903
0.96103958,7.00708752,-33.0734431893738
0.96184997,7.0212532,-33.3108001944789
0.96354405,7.05149811,-33.8068054084801
0.965,7.07772473,-34.232899718388
0.96506195,7.07883605,-34.249865370312
0.9651239,7.07994662,-34.2668307200809
0.96543364,7.08548741,-34.3516529988462
0.96698235,7.11281266,-34.7756513657441
0.96875632,7.14310442,-35.2610916703039
0.97,7.16366192,-35.6012704829864
0.9701858,7.16669544,-35.657544133125
0.97037159,7.16972082,-35.7138148372576
0.97130057,7.18472973,-35.995123261171
0.97301491,7.21192609,-36.5150580694521
0.97472925,7.23846636,-37.0349398531711
0.975,7.2426085,-37.1170266815342
0.97516784,7.24517141,-37.1696851780831
0.97533568,7.24773095,-37.2223414823556
0.97617488,7.26048386,-37.4855901065959
0.97794269,7.28712104,-38.0399525306538
0.9797105,7.31332415,-38.5940716539584
0.98,7.31756604,-38.6847926094609
0.98018665,7.32029374,-38.7439825965271
0.98037329,7.32301586,-38.8031698875768
0.98130652,7.33654219,-39.0990650324834
0.9830448,7.36133109,-39.650031520678
0.98478308,7.38547792,-40.2011716866253
0.985,7.38844692,-40.2700330017062
0.98529893,7.39252496,-40.3638526960038
0.98559785,7.39658884,-40.4576664712315
0.98709249,7.41674079,-40.9266457404808
0.98890016,7.44073038,-41.4936475494482
0.99,7.45505943,-41.8385221730943
0.99027408,7.45859762,-41.9190403356869
0.99054816,7.4621244,-41.999553796416
0.99191857,7.47963272,-42.4020505448763
0.99353823,7.5000666,-42.8776002586877
0.995,7.51814674,-43.3066541516997
0.99521633,7.52078979,-43.3634935643299
0.99543267,7.5234256,-43.4203303037514
0.99651434,7.53653372,-43.7044747379832
0.99802731,7.55474607,-44.1021758009046
0.99954027,7.57270314,-44.4998624091288
1,7.5780874,-44.6206809996418
1.00031608,7.58176922,-44.6916246800301
1.00063215,7.58543857,-44.7625639302088
1.00221253,7.6037113,-45.1171929248634
1.00382067,7.62217735,-45.4779367458417
1.005,7.63551266,-45.7424144465929
1.00524473,7.63825423,-45.7886640180654
1.00548945,7.64098884,-45.8349113643222
1.00671308,7.65461645,-46.0661139256823
1.00811975,7.67024473,-46.3318309941372
1.00952642,7.68570475,-46.5974867297962
1.01,7.69085883,-46.6871476790041
1.01027064,7.69379489,-46.7305593957849
1.01054129,7.69672699,-46.773968978542
1.0118945,7.71140786,-46.9909856538043
1.01328612,7.72657427,-47.214105337141
1.01467773,7.74166487,-47.4371697150753
1.015,7.74514389,-47.4888191880677
1.01516504,7.74692421,-47.5109542661188
1.01533008,7.74870433,-47.5330886903606
1.01615528,7.75762306,-47.6437509897815
1.01763864,7.77382483,-47.8426328108523
1.01912199,7.79014025,-48.0414617891641
1.02,7.79979227,-48.1591252127428
1.0201487,7.80142809,-48.1799550551543
1.0202974,7.8030646,-48.2007843435882
1.0210409,7.81126092,-48.3049224605936
1.02272832,7.82995464,-48.5407603301658
1.02441573,7.84862627,-48.7756364365207
1.025,7.85510167,-48.8569419673546
1.02509691,7.85617954,-48.8696252408605
1.02519382,7.85725894,-48.8823082512795
1.02567835,7.86268487,-48.9457194419244
1.02751859,7.88392792,-49.1864892729745
1.02967731,7.909993,-49.4688080713392
1.03,7.91396386,-49.5109980500039
1.03018184,7.91621002,-49.5324605828539
1.03036369,7.91846261,-49.5539222211878
1.03127291,7.92983442,-49.6612179328898
1.03272469,7.9483891,-49.8324948046356
1.03417646,7.96730079,-50.003718034084
1.035,7.97816629,-50.1005981621289
1.0352606,7.98163327,-50.1297486612714
1.0355212,7.98511721,-50.1588971383964
1.03682422,8.00284744,-50.3046090669885
1.03821705,8.02239653,-50.4603098518644
1.03960988,8.04244083,-50.6159528763728
1.04,8.04814348,-50.6595362572806
1.04008802,8.04943621,-50.6678265363661
1.04017604,8.05073132,-50.6761166181515
1.04061613,8.05724582,-50.7175641478425
1.0416074,8.07219568,-50.8109031554809
1.04190689,8.07679479,-50.8390987178944
1.04224486,8.08203036,-50.8709140303252
1.04244289,8.08511959,-50.8895549702571
1.04265532,8.08845007,-50.9095502441229
1.04270724,8.08926646,-50.9144363146364
1.04274613,8.08987879,-50.9180973860034
1.04275493,8.09001727,-50.918924853018
1.04275719,8.09005293,-50.9191378836087
1.04275945,8.09008858,-50.9193509149288
1.04277077,8.09026687,-50.9204159385874
1.04282735,8.091159,-50.9257411365945
1.04311025,8.09563595,-50.9523659107816
1.04448747,8.11778125,-51.081952758044
1.045,8.1261677,-51.1301664316211
1.04505159,8.12701644,-51.1340347954628
1.04510318,8.12786604,-51.1379031046296
1.04536113,8.13212764,-51.1572438311963
1.0464826,8.15095429,-51.2413142489037
1.04760406,8.17030721,-51.3250389047361
1.04895626,8.19423069,-51.4235252133038
1.05,8.21307113,-51.4995112540857
1.0500579,8.21412646,-51.5023484830096
1.05011579,8.21518297,-51.5051857334297
1.05040527,8.22048428,-51.5193707641768
1.05139919,8.23896487,-51.5680635699829
1.05239312,8.25793238,-51.6167373195798
1.05379304,8.28538815,-51.6852612746469
1.055,8.30963194,-51.7443097827262
1.05508597,8.31137902,-51.7467251295814
1.05517194,8.31312894,-51.7491403867078
1.0556018,8.32192397,-51.7612152237442
1.05719244,8.35521654,-51.8058765810571
1.05855485,8.38461365,-51.8441054572708
1.05991726,8.41463682,-51.8823115838384
1.06,8.41648063,-51.88463103102
1.06009033,8.41849651,-51.8858619599345
1.06018065,8.42051555,-51.8868973008389
1.06063228,8.43066184,-51.8919552379627
1.06221399,8.46696786,-51.9096538966091
1.06357089,8.49901328,-51.9248178223407
1.06492778,8.5316975,-51.9399643150967
1.065,8.53345549,-51.9407700597375
1.06506094,8.53494045,-51.9414424507553
1.06512188,8.53642687,-51.9421148065776
1.06542659,8.54388147,-51.9454759466028
1.06695014,8.5817659,-51.9622684462548
1.06825335,8.61493153,-51.9766150074569
1.06955656,8.64862403,-51.9909454733698
1.07,8.66021597,-51.9958180361803
1.07004674,8.66144225,-51.9967977718296
1.07009348,8.66266944,-51.9977774765844
1.07032716,8.66881941,-52.0026757725504
1.0714956,8.69994966,-52.0271555460558
1.07281028,8.73574131,-52.0545525070821
1.07412496,8.77216025,-52.0793394709569
1.075,8.79670699,-52.0958218381527
1.07503898,8.79780709,-52.0974357117296
1.07507796,8.7989078,-52.0990495439819
1.07527286,8.80442056,-52.1071180700049
1.07624738,8.83221832,-52.1474446181671
1.07764527,8.87274375,-52.2052447116398
1.07904316,8.91383597,-52.2629905628082
1.08,8.94225943,-52.302485942859
1.08024036,8.9494506,-52.3194283083814
1.08048073,8.95666517,-52.33636807888
1.08168254,8.99310213,-52.4210305206019
1.08303226,9.03468557,-52.5160385017358
1.08438198,9.07676577,-52.6109688268271
1.085,9.09619414,-52.6544105781161
1.08527658,9.10492965,-52.6808724674107
1.08555316,9.11369204,-52.7070298507944
1.08693606,9.15790983,-52.836534625605
1.08831895,9.20269532,-52.9659177689142
1.08970185,9.24785924,-53.0951789725374
1.09,9.25765233,-53.1230316633922
1.09027259,9.2666285,-53.1536473280494
1.09054518,9.27562753,-53.1842574391641
1.09190814,9.32098365,-53.3372245347622
1.0932711,9.36685584,-53.4900527907778
1.09463406,9.41303312,-53.6427422072111
1.095,9.42548074,-53.6837133794577
1.09533669,9.43695771,-53.7226980735743
1.09567338,9.44846054,-53.7616740396624
1.097285,9.50391536,-53.9481191024855
1.09873395,9.55417589,-54.114900291735
1.1,9.59822111,-54.2598326849162
1.100307,9.60892391,-54.2946056639863
1.100614,9.61963944,-54.3293710040715
1.10214901,9.67344406,-54.503082933803
1.10350974,9.72132641,-54.6569126552256
1.10487046,9.76913502,-54.8105924586467
1.105,9.77368148,-54.8252142361051
1.10510735,9.77744886,-54.8368999978464
1.10521469,9.78121612,-54.8485850244985
1.10575142,9.80005307,-54.9069960683756
1.10734553,9.85604248,-55.0803461691967
1.10880583,9.90722444,-55.2389702585962
1.11,9.94886153,-55.368561285808
1.11020594,9.95602865,-55.3926694631129
1.11041187,9.96319392,-55.4167742538575
1.11144155,9.99900806,-55.5377725219407
1.11276012,10.04481974,-55.6928561072753
1.11407869,10.09036647,-55.8477997541808
1.115,10.12197571,-55.9559794751241
1.11507853,10.12466378,-55.9666467790211
1.11515706,10.12735109,-55.9773135182563
1.11554971,10.14077701,-56.0306387453501
1.11705421,10.19207105,-56.2348313008737
1.11838109,10.236974,-56.4147454931502
1.11970797,10.28132201,-56.5944984798647
1.12,10.29101033,-56.634038446328
1.12012473,10.29514184,-56.654705744745
1.12024946,10.29926965,-56.6753713352639
1.1208731,10.31985383,-56.7786738408434
1.1223917,10.36957213,-57.0300435315019
1.12452803,10.43811347,-57.3852728743657
1.125,10.45301951,-57.4640553841057
1.12508896,10.45582198,-57.4799895148874
1.12517792,10.45862249,-57.4959228115846
1.12562271,10.47259842,-57.5755769396827
1.12760207,10.53434447,-57.9297934379852
1.12958143,10.59497112,-58.2835970024711
1.13,10.60760114,-58.3583622590817
1.13012316,10.61130546,-58.3816049119863
1.13024631,10.6150046,-58.4048460412188
1.13086209,10.63342483,-58.5210259835014
1.13256889,10.68381816,-58.8428309322232
1.13471574,10.74537251,-59.247144176334
1.135,10.75335092,-59.3006403702069
1.13517469,10.758236,-59.3350860862353
1.13534937,10.76310791,-59.3695284292187
1.13622281,10.78728151,-59.5423253294941
1.13769262,10.82727601,-59.8360703128672
1.13916242,10.86623967,-60.1296096531609
1.14,10.88793439,-60.2967925366954
1.14017661,10.89246505,-60.3319594521377
1.14035322,10.89698134,-60.3671234034359
1.14123628,10.91936037,-60.5428985489705
1.14268932,10.95547302,-60.8319684928934
1.14414236,10.99053313,-61.1208377392222
1.145,11.01067671,-61.2912446510467
1.14516433,11.01449208,-61.3241061392398
1.14532865,11.01829389,-61.3569651817443
1.14615029,11.03710708,-61.5212211021592
1.14779302,11.07374866,-61.8494327428174
1.14943575,11.10886052,-62.1801926541322
1.15,11.12054985,-62.2948047322448
1.15014777,11.12358294,-62.3251414268202
1.15029554,11.12660496,-62.3554765514207
1.15103439,11.14155896,-62.5071286381826
1.15267042,11.17379997,-62.842789419681
1.15430645,11.20463963,-63.1782578613784
1.155,11.21725012,-63.3204129071117
1.15509851,11.21902073,-63.339627355554
1.15519702,11.22078653,-63.3588411378119
1.15568958,11.22954731,-63.4548999655692
1.15734889,11.25831934,-63.778375077417
1.15889082,11.28391023,-64.0787975997565
1.16,11.3014965,-64.2948049151749
1.16008482,11.30281377,-64.3102497877411
1.16016963,11.30412737,-64.3256943046766
1.16059372,11.31064259,-64.4029095148323
1.16225123,11.33535613,-64.7083347467475
1.16367205,11.35552331,-64.9724301572349
1.165,11.37337203,-65.2191890010847
1.16504259,11.37392917,-65.2260713486683
1.16508517,11.37448544,-65.232953699766
1.16529811,11.37725422,-65.2673642082862
1.16636278,11.39083189,-65.4393926406647
1.1677292,11.40771051,-65.6601187270073
1.16909562,11.42385146,-65.8807780553505
1.17,11.43405177,-66.0267864868203
1.17011209,11.43528942,-66.042425252548
1.17022418,11.43652145,-66.0580636266484
1.17078462,11.442603,-66.1362497079561
1.1724587,11.46008723,-66.3697363645807
1.1746579,11.48131161,-66.6779174518163
1.175,11.4844182,-66.7263662392824
1.17513237,11.48560758,-66.7442693375217
1.17526475,11.4867902,-66.7621720311016
1.17592662,11.49260974,-66.8516803017092
1.17760237,11.50673265,-67.0782614309008
1.17963214,11.52252528,-67.3526325586051
1.18,11.52522818,-67.4023484304698
1.18022688,11.52687515,-67.4310535205994
1.18045375,11.52850849,-67.4597576776889
1.18158813,11.53651428,-67.6032635881196
1.18298174,11.54603864,-67.7795311952222
1.18437536,11.5551137,-67.9557617006901
1.185,11.55902428,-68.0347395974271
1.18558265,11.56260159,-68.0951880573592
1.18616529,11.56613523,-68.1556312082417
1.18781048,11.57598381,-68.3280995699826
1.18945568,11.58550071,-68.5011926431406
1.19,11.58854885,-68.5584553794348
1.1900384,11.58876216,-68.5623580711005
1.1900768,11.58897526,-68.5662607471022
1.19026878,11.59003763,-68.585773963142
1.19122873,11.59528082,-68.6833339930745
1.1927714,11.60349154,-68.8400962294187
1.19431407,11.61131762,-68.9968331838856
1.195,11.61468892,-69.0665162627172
1.19506233,11.61499406,-69.0742685286533
1.19512465,11.61529913,-69.0820207792875
1.19543628,11.61682405,-69.1207811752363
1.19699444,11.62448111,-69.3145642857047
1.1983309,11.63106433,-69.480751031489
1.19966736,11.63756794,-69.6467849621888
1.2,11.63919178,-69.6880354399886
1.20008573,11.63961216,-69.7010297928874
1.20017146,11.64003345,-69.7140240209171
1.2006001,11.64215451,-69.7789933114411
1.20213901,11.65000047,-70.0122196369456
1.20345417,11.65690329,-70.2115048592146
1.20476934,11.6638665,-70.4107604605816
1.205,11.66510693,-70.4457041047106
1.20508576,11.66557083,-70.4606364875775
1.20517151,11.66603632,-70.4755687651232
1.2056003,11.66838988,-70.5502278369166
1.20714476,11.67728753,-70.8191157532231
1.20843054,11.6851183,-71.0429328311942
1.20971632,11.69316888,-71.266717514753
1.21,11.69498461,-71.3160855040795
1.21008102,11.69550696,-71.3311809672785
1.21016203,11.69603112,-71.3462763330796
1.21056711,11.69868116,-71.4217509800387
1.21207976,11.70907658,-71.7031865468945
1.21334573,11.71831726,-71.9363659271543
1.2146117,11.7278573,-72.1694940900695
1.215,11.73084919,-72.2409882181289
1.21510811,11.7316895,-72.2615493175658
1.21521623,11.73253327,-72.2821099708324
1.21575679,11.7368084,-72.3849076983122
1.21727393,11.74937409,-72.6733644328175
1.2185759,11.76071746,-72.9208525692511
1.21987788,11.77240579,-73.1682847436103
1.22,11.77352354,-73.1914893927972
1.22004376,11.77392518,-73.1986637987139
1.22008752,11.77432744,-73.2058381498733
1.22030631,11.77634863,-73.2417091450414
1.22140026,11.78676105,-73.4210435894764
1.2223585,11.7963703,-73.5781014097275
1.22331674,11.80638288,-73.7351329724931
1.22417794,11.81562798,-73.8762403194283
1.225,11.82463664,-74.0102309082222
1.2250238,11.82490022,-74.0146074956473
1.22504761,11.82516396,-74.0189839821027
1.22516663,11.82648495,-74.0408663076115
1.22576174,11.83314575,-74.1502693383485
1.22679057,11.84485838,-74.3393710797351
1.2278194,11.85673123,-74.528430392252
1.22884823,11.86862177,-74.7174472758993
1.23,11.88199175,-74.9290012632651
1.23004718,11.88254537,-74.94018114648
1.23009437,11.88309974,-74.9513608363535
1.23033028,11.88588319,-75.0072578908981
1.23150985,11.90014106,-75.2867002297746
1.23275429,11.9158471,-75.5814314659483
1.23399872,11.93207086,-75.876083429772
1.235,11.94542407,-76.1131047037206
1.23502932,11.94581964,-76.1212635295666
1.23505864,11.94621548,-76.1294223030477
1.23520523,11.94819888,-76.1702154796866
1.2359382,11.95821405,-76.3741618787036
1.23747095,11.97958577,-76.7994807556453
1.23895339,12.00045024,-77.2058982301214
1.24,12.01522707,-77.4927103300484
1.24006135,12.01609918,-77.5110031138785
1.24012271,12.0169723,-77.5292954124645
1.24042948,12.02135449,-77.6207518136244
1.24186284,12.04230637,-78.0479555556045
1.24305801,12.06038839,-78.4040167892984
1.24425318,12.07877591,-78.7599400102362
1.245,12.09034923,-78.9822720050544
1.2450376,12.09093358,-78.9921576879148
1.2450752,12.0915181,-79.0020432494933
1.24526321,12.09444366,-79.0514691166107
1.24620325,12.10918012,-79.2985530901793
1.24762716,12.13193447,-79.672675841597
1.24905108,12.15488388,-80.0466245400263
1.25,12.170073,-80.2961104454512
1.2500558,12.17096275,-80.3114546295645
1.25011161,12.17185212,-80.3267984919079
1.25039062,12.17629317,-80.4035148825698
1.2517857,12.19835606,-80.7870134617972
1.25294854,12.21646548,-81.1065666706066
1.25411138,12.23407508,-81.4260236849889
1.255,12.24717481,-81.6700796405393
1.25510953,12.24877329,-81.702261350594
1.25521905,12.25036898,-81.7344422525646
1.25576668,12.25831176,-81.8953327894758
1.2564237,12.2677802,-82.0883346388003
1.25708073,12.277187,-82.2813036039469
1.25824532,12.29359683,-82.6232652275927
1.25940991,12.3094495,-82.9651238567662
1.26,12.31724893,-83.1383003688986
1.26004753,12.31787096,-83.1504790083884
1.26009506,12.31849212,-83.1626574965124
1.26033272,12.32158588,-83.2235475783622
1.26152102,12.33682943,-83.5279415300372
1.26270931,12.35173815,-83.833329181235
1.26389761,12.36603621,-84.1437374235052
1.265,12.378503,-84.4316634498739
1.2650756,12.37932771,-84.4491636421174
1.26515119,12.38014855,-84.4666637169907
1.26552918,12.384196,-84.5541613185684
1.26690893,12.39820257,-84.873519720689
1.26807021,12.40895615,-85.1422647654049
1.26923149,12.41848428,-85.4109695515388
1.27,12.42406458,-85.58877083118
1.27010296,12.42476989,-85.6081985905049
1.27020591,12.42546565,-85.6276261452022
1.2707207,12.4288087,-85.7247598087703
1.2720414,12.43645434,-85.9739299071321
1.27320156,12.44201393,-86.1927771017237
1.27436172,12.44620608,-86.4115913534211
1.275,12.44786257,-86.5319601187005
1.27505521,12.44798363,-86.5367415130365
1.27511042,12.44810117,-86.541522871977
1.27538646,12.44863811,-86.5678973807059
1.27668927,12.45016951,-86.6943346537165
1.27782631,12.450243,-86.8046985773018
1.27896335,12.44888399,-86.9150761911693
1.28,12.44612197,-87.0157204615696
1.28005197,12.44594181,-87.0123537740752
1.28010395,12.44575759,-87.0089871157594
1.28036382,12.44477777,-86.9921533489813
1.28164396,12.4387108,-86.9092227239261
1.28274675,12.43199642,-86.8377703274302
1.28384955,12.42367733,-86.7663082237173
1.285,12.41288905,-86.6917472911348
1.28504842,12.41238267,-86.6789778746992
1.28509683,12.41187192,-86.6662083352039
1.28533891,12.40925477,-86.6023597042991
1.28654928,12.3947815,-86.2830892443829
1.28761946,12.38027131,-86.0007609121642
1.28868964,12.36396465,-85.7334201573118
1.28975983,12.34548498,-85.4689818808705
1.29,12.34100892,-85.4096141996863
1.29002279,12.34057772,-85.3994550358717
1.29004557,12.34014539,-85.3892955313732
1.2901595,12.33796687,-85.3384968089836
1.29072913,12.32667898,-85.084456455311
1.29194567,12.30064484,-84.5416562372289
1.292981,12.27650681,-84.0794275613432
1.29401634,12.25023242,-83.6169441418888
1.295,12.22300835,-83.1773060156359
1.29516498,12.21821457,-83.0776269082911
1.29532996,12.2133563,-82.9779391546173
1.29615487,12.18816701,-82.4793709007592
1.29735324,12.14911628,-81.7546961483001
1.29842364,12.1116311,-81.1070243665695
1.29949404,12.07131127,-80.4589886226126
1.3,12.05121938,-80.152545737209
1.30007281,12.04827343,-80.1016600749298
1.30014562,12.04531387,-80.0507724781463
1.30050966,12.03031791,-79.7976557389553
1.30172667,11.97795735,-78.9738340053138
1.3027274,11.93239414,-78.2955608566843
1.30372814,11.88430217,-77.6165139734607
1.30472887,11.83346221,-76.9366925199443
1.305,11.81921617,-76.7523724463366
1.30504996,11.81656981,-76.7164506268241
1.30509991,11.81391683,-76.6805263631301
1.30534969,11.80055401,-76.5008757689877
1.30656851,11.73313293,-75.6235325694958
1.30757129,11.67496767,-74.9007977805615
1.30857406,11.61413153,-74.177243094844
1.30957684,11.55040104,-73.4528693101312
1.31,11.52264917,-73.1469432687906
1.31004087,11.51994288,-73.1172852961199
1.31008174,11.51723205,-73.0876259568182
1.31028608,11.50361067,-72.9393083876526
1.31130778,11.43388248,-72.1972083913231
1.31256024,11.34479627,-71.2863384486581
1.31381269,11.2513701,-70.3894420199845
1.315,11.15853048,-69.5484449871813
1.31506189,11.15358102,-69.5058950338179
1.31512378,11.14862107,-69.463340301053
1.31543323,11.1236655,-69.2504949462075
1.31675355,11.0143559,-68.3410214608551
1.31786743,10.9185196,-67.5720544400293
1.31898131,10.81904518,-66.8015392891615
1.32,10.724819,-66.0955170460241
1.32007914,10.71737496,-66.0429928837856
1.32015828,10.70991376,-65.9904612213049
1.32055399,10.67235344,-65.7276909400581
1.32192053,10.53946762,-64.8187813465118
1.32307959,10.42280885,-64.0461253182697
1.32423864,10.30219199,-63.2718598339531
1.325,10.22080653,-62.7623859175958
1.32510699,10.20924017,-62.6929378509166
1.32521397,10.19764277,-62.6234759462921
1.32574891,10.1391983,-62.2759687327949
1.32715099,9.98250085,-61.3873556352043
1.32834983,9.84434454,-60.6251512780129
1.32954867,9.7020297,-59.8607158229227
1.33,9.64739042,-59.5723505882324
1.33008153,9.63746041,-59.5202644006649
1.33016307,9.62751261,-59.4681685568681
1.33057074,9.57751139,-59.207532685458
1.33200218,9.39862963,-58.2903213349745
1.33321582,9.24288498,-57.5101777591311
1.33442946,9.08307915,-56.727749316895
1.335,9.00654647,-56.3591363993926
1.33506024,8.99841498,-56.3188906842335
1.33512048,8.990274,-56.2786391679233
1.33542169,8.94942886,-56.077295196593
1.33686832,8.75017802,-55.1082546002122
1.3380893,8.57809329,-54.2877636063585
1.33931029,8.40213017,-53.4762889937728
1.34,8.30098895,-53.018853723825
1.34002591,8.29716543,-52.9995425677461
1.34005182,8.29334022,-52.9802299635287
1.34018138,8.27418915,-52.8836459196938
1.34082917,8.17783921,-52.4001819142969
1.34229387,7.95667292,-51.3036946009937
1.34367182,7.74435419,-50.267926746575
1.345,7.53538139,-49.2656940100201
1.34501511,7.53297943,-49.2524658828488
1.34503022,7.53057691,-49.2392371915606
1.34510577,7.51855623,-49.1730852750944
1.34548351,7.45825737,-48.8421135067009
1.34699178,7.21461436,-47.517062918663
1.34820116,7.01607151,-46.4505337481156
1.34941054,6.81435601,-45.380390653357
1.35,6.71484063,-44.8574867825187
1.35001855,6.71169588,-44.8406540923707
1.35003711,6.70855036,-44.8238211186455
1.35012987,6.6928114,-44.7396408923497
1.35059369,6.61383691,-44.3184154431239
1.35206422,6.36050208,-42.9857208037692
1.35327404,6.14868077,-41.887194085432
1.35448386,5.93361197,-40.7845620918715
1.355,5.84093123,-40.3128966503239
1.35502013,5.83730681,-40.2948132270072
1.35504026,5.83368165,-40.2767286861197
1.3551409,5.81554501,-40.1862886379545
1.3556441,5.72460033,-39.7336693505569
1.35715064,5.44996443,-38.3743967567315
1.35837528,5.22414035,-37.2648592703181
1.35959992,4.99582488,-36.1511851833559
1.36,4.9207303,-35.7864562670458
1.36003603,4.91395641,-35.7549575555426
1.36007206,4.90718076,-35.7234554055325
1.36025222,4.87327647,-35.5658935709446
1.36115299,4.70313056,-34.7767930638098
1.36251585,4.44380121,-33.5788035596015
1.36387872,4.18199101,-32.3760860694599
1.365,3.96476968,-31.3838773225686
1.36505224,3.95461769,-31.3420055757453
1.36510447,3.94446323,-31.300126649891
1.36536565,3.89365437,-31.0906325228987
1.36667157,3.6387359,-30.0406411762892
1.36792943,3.39181003,-29.0253069234028
1.36918729,3.14338442,-28.0060735660213
1.37,2.98220403,-27.3454711028836
1.37005178,2.97192289,-27.3084544832393
1.37010356,2.96164066,-27.2714320220891
1.37036246,2.91021355,-27.0862321089579
1.37165696,2.65271182,-26.1580423131636
1.37296313,2.3922712,-25.2177923924776
1.37426929,2.13111853,-24.2738256558516
1.375,1.98482944,-23.7441168752347
1.37507,1.97081489,-23.6990250152609
1.37514,1.95680078,-23.65392362787
1.37549001,1.88673797,-23.4282741143906
1.37713784,1.55713864,-22.3611369971378
1.37853625,1.27774836,-21.4501081975837
1.37993465,0.99870484,-20.5355152243936
1.38,0.98568297,-20.4926894731998
1.38010886,0.96399608,-20.4258759416822
1.38021771,0.94231577,-20.3590418613626
1.38076199,0.83402044,-20.0245681483664
1.38242015,0.50536297,-19.0024649345504
1.38481012,0.03516658,-17.5209926542334
1.385,-0.0019914,-17.4028735024476
1.38507145,-0.0159653,-17.3557887740912
1.38514291,-0.029934,-17.3086950434543
1.38550018,-0.09969495,-17.0730872157385
1.38716498,-0.42266423,-15.9721569487171
1.38861509,-0.70102865,-15.0091184233045
1.39,-0.96445988,-14.0832075672296
1.39012324,-0.98778606,-14.0000470879823
1.39024649,-1.01109238,-13.916863044097
1.39086271,-1.12731858,-13.5005865235988
1.3924713,-1.42819937,-12.4111363473896
1.39461975,-1.82428278,-10.9497564949082
1.395,-1.89364188,-10.6903578663314
1.39510304,-1.91239304,-10.6242258040168
1.39520608,-1.93112515,-10.5580781327732
1.39572128,-2.02449527,-10.2271056416963
1.39732336,-2.31163332,-9.19541040015418
1.39876726,-2.56620908,-8.26234369105618
1.4,-2.78025561,-7.46331047144857
1.40009331,-2.79632048,-7.40870716230614
1.40018661,-2.81236511,-7.35409221612628
1.40065314,-2.8922836,-7.0808444168598
1.40226102,-3.16379739,-6.13604007488757
1.4036488,-3.39329061,-5.31699657769518
1.405,-3.61229734,-4.51757817533384
1.40501834,-3.61523764,-4.51093560454019
1.40503668,-3.61817703,-4.50429281489173
1.4051284,-3.63286032,-4.47107566419479
1.40558695,-3.70595248,-4.30490762926438
1.40721736,-3.96234037,-3.71298390489636
1.40859668,-4.17674415,-3.21086923281224
1.4089036,-4.22433627,-3.09897274434136
1.40913563,-4.26031028,-3.01433553206234
1.40919836,-4.27003437,-2.99145076943477
1.40920958,-4.27177484,-2.98735445932394
1.40922317,-4.27388013,-2.98239834545641
1.40929108,-4.2843956,-2.95761587003796
1.40963065,-4.33670306,-2.8336585332892
1.41,-4.39310318,-2.69874502489366
1.41003005,-4.39766984,-2.68597941989877
1.4100601,-4.40223325,-2.67321313158853
1.41021035,-4.42500163,-2.60937145719162
1.4109616,-4.53764593,-2.28990719183493
1.41261702,-4.77911425,-1.58443973355347
1.41427245,-5.01180758,-0.876901401225003
1.415,-5.1113157,-0.565177795256917
1.41501851,-5.11382446,-0.56309192325209
1.41503702,-5.11633209,-0.561006004309519
1.41512956,-5.1288534,-0.550575701252166
1.41559229,-5.19106344,-0.49840659527014
1.41639834,-5.29799227,-0.407461155089498
1.4170736,-5.38622907,-0.331203459334306
1.41774886,-5.47318852,-0.254883294442448
1.41842412,-5.5587394,-0.178500658527244
1.41946803,-5.68777285,-0.0602945817589077
1.42,-5.75178725,-0
1.42000417,-5.75228341,-0
1.42000833,-5.7527795,-0
1.42002916,-5.75525869,-0
1.4201333,-5.76762393,-0
1.42059339,-5.82163468,-0
1.4211614,-5.88689961,-0
1.42193781,-5.97353428,-0
1.42297483,-6.08456415,-0
1.42429989,-6.21867905,-0
1.425,-6.28609995,-0
1.42501338,-6.28736554,-0
1.42502675,-6.2886303,-0
1.42509363,-6.29494166,-0
1.42542803,-6.32618927,-0
1.42670449,-6.44066673,-0
1.42749817,-6.50761959,-0
1.42829184,-6.5707411,-0
1.42900267,-6.62393698,-0
1.42971351,-6.67448796,-0
1.43,-6.69427552,-0
1.43002261,-6.69582454,-0
1.43004521,-6.69737183,-0
1.43015824,-6.70508268,-0
1.43072337,-6.74302147,-0
1.43150255,-6.79363452,-0
1.43228174,-6.84209529,-0
1.43330177,-6.90212854,-0
1.43432181,-6.95847847,-0
1.435,-6.99404099,-0
1.43502573,-6.99536154,-0
1.43505145,-6.99668006,-0
1.43518009,-7.0032423,-0
1.43582327,-7.03530817,-0
1.4371323,-7.09675933,-0
1.43851738,-7.15586588,-0
1.43990246,-7.20807531,-0
1.44,-7.21146826,-0
1.44003618,-7.21271696,-0
1.44007237,-7.21396027,-0
1.44025329,-7.22009565,-0
1.44115789,-7.24869425,-0
1.44274455,-7.29017159,-0
1.44433122,-7.32044828,-0
1.445,-7.32997241,-0
1.44507745,-7.33095704,-0
1.4451549,-7.33191764,-0
1.44554215,-7.33636506,-0
1.44710175,-7.34846992,-0
1.44845991,-7.3515812,-0
1.44981808,-7.3477147,-0
1.45,-7.34666066,-0
1.45011619,-7.34592092,-0
1.45023237,-7.34512927,-0
1.4508133,-7.34039125,-0
1.45262455,-7.31722763,-0
1.45443579,-7.28135662,-0
1.455,-7.26764353,-0
1.45514899,-7.26382712,-0
1.45529798,-7.25993028,-0
1.45604291,-7.23925699,-0
1.45775271,-7.18446473,-0
1.4594625,-7.11955637,-0
1.46,-7.09706765,-0
1.46017004,-7.08974652,-0
1.46034008,-7.08232628,-0
1.46119027,-7.04374489,-0
1.46262182,-6.97326449,-0
1.46405338,-6.89599075,-0
1.465,-6.84125127,-0
1.46533939,-6.82093464,-0
1.46567878,-6.80025846,-0
1.46737573,-6.69157258,-0
1.46942049,-6.54914152,-0
1.47,-6.50656219,-0
1.47027188,-6.48625859,-0
1.47054376,-6.46574886,-0
1.47190317,-6.36017389,-0
1.4734072,-6.23766755,-0
1.47491124,-6.10942194,-0
1.475,-6.10168003,-0
1.47530842,-6.07463435,-0
1.47561684,-6.04736415,-0
1.47715893,-5.90772303,-0
1.47870102,-5.76272753,-0
1.48,-5.63654076,-0
1.48043864,-5.5931156,-0
1.48087727,-5.54928919,-0
1.48255115,-5.37848935,-0
1.48472126,-5.14929538,-0
1.485,-5.1192769,-0
1.48585837,-5.02607399,-0
1.48671674,-4.93178157,-0
1.48811005,-4.7765766,-0
1.48950336,-4.61889785,-0
1.49,-4.5621247,-0
1.49047999,-4.50697862,-0
1.49095998,-4.45156496,-0
1.49260728,-4.25943532,-0
1.49425458,-4.06453315,-0
1.495,-3.97553713,-0
1.49576528,-3.8837167,-0
1.49653056,-3.79148313,-0
1.4979015,-3.62534967,-0
1.49927244,-3.45821627,-0
1.5,-3.36916327,-0
1.5005301,-3.30413752,-0
1.50106021,-3.23900042,-0
1.50272068,-3.03435536,-0
1.50438116,-2.82908496,-0
1.505,-2.75251284,-0
1.50573456,-2.66162473,-0
1.50646912,-2.57077536,-0
1.50784336,-2.40103765,-0
1.50921761,-2.23176419,-0
1.51,-2.13566096,-0
1.51061374,-2.0604279,-0
1.51122748,-1.98534054,-0
1.51266925,-1.80958892,-0
1.51411102,-1.63488862,-0
1.515,-1.52778402,-0
1.51560992,-1.45460149,-0
1.51621985,-1.38168212,-0
1.51767147,-1.2092892,-0
1.51912308,-1.03870049,-0
1.52,-0.93660637,-0
1.520532,-0.87503982,-0
1.521064,-0.8137619,-0
1.52277986,-0.6181721,-0
1.52449571,-0.42588831,-0
1.525,-0.3700359,-0
1.52555595,-0.3088189,-0
1.5261119,-0.2479824,-0
1.52783024,-0.06243194,-0
1.52954858,0.11918017,-0
1.53,0.16620935,-0
1.53052967,0.22101915,-0
1.53105933,0.27542363,-0
1.53280013,0.45131093,-0
1.53454092,0.62259705,-0
1.535,0.6669843,-0
1.53551323,0.71621501,-0
1.53602646,0.76502975,-0
1.53772957,0.92399976,-0
1.53943268,1.07823663,-0
1.54,1.12854382,-0
1.54042008,1.16544628,-0
1.54084017,1.20205119,-0
1.54259301,1.3515498,-0
1.54470782,1.5248622,-0
1.545,1.54819294,-0
1.54558296,1.59429512,-0
1.54616591,1.6398005,-0
1.54764877,1.75285541,-0
1.54913164,1.86202748,-0
1.55,1.92415491,-0
1.55019092,1.93763598,-0
1.55038184,1.95105288,-0
1.55133643,2.01717596,-0
1.55266093,2.10627,-0
1.55398542,2.1922839,-0
1.555,2.25609088,-0
1.55512635,2.26391076,-0
1.55525269,2.27170276,-0
1.55588443,2.31024512,-0
1.5574176,2.40090045,-0
1.55947771,2.51633201,-0
1.56,2.544447,-0
1.56007097,2.54823181,-0
1.56014194,2.55200813,-0
1.5604968,2.57076259,-0
1.56227109,2.6613801,-0
1.565,2.79063993,-0
1.56530198,2.80420179,-0
1.56560395,2.81761757,-0
1.56711384,2.8825242,-0
1.56887049,2.95355772,-0
1.57,2.99674483,-0
1.57020108,3.00423303,-0
1.57040217,3.01166128,-0
1.57140759,3.04791079,-0
1.57300365,3.10245114,-0
1.57459971,3.15338876,-0
1.575,3.16560983,-0
1.57512792,3.16946896,-0
1.57525584,3.17330575,-0
1.57589543,3.19215649,-0
1.57767414,3.24170783,-0
1.57971494,3.2935197,-0
1.58,3.30034206,-0
1.58039858,3.30971478,-0
1.58079716,3.31889528,-0
1.58254672,3.35696839,-0
1.58481491,3.40112672,-0
1.585,3.40447997,-0
1.58547829,3.41297465,-0
1.58595658,3.42122607,-0
1.58766924,3.44882721,-0
1.5893819,3.47350513,-0
1.59,3.48172498,-0
1.59029991,3.48558627,-0
1.59059982,3.4893657,-0
1.59209938,3.50706487,-0
1.59359894,3.52284018,-0
1.595,3.53592354,-0
1.59525416,3.53813143,-0
1.59550832,3.54028959,-0
1.59677911,3.550349,-0
1.59814669,3.55985816,-0
1.59951427,3.56806812,-0
1.6,3.57068425,-0
1.60019297,3.57168114,-0
1.60038593,3.57265419,-0
1.60135077,3.57716829,-0
1.60274129,3.58268064,-0
1.60413181,3.58708249,-0
1.605,3.58929843,-0
1.60551248,3.59042267,-0
1.60602495,3.59141447,-0
1.60773034,3.59379932,-0
1.60943572,3.59485164,-0
1.61,3.59492204,-0
1.61026375,3.59490918,-0
1.61052749,3.5948676,-0
1.61184623,3.59423987,-0
1.61326175,3.59282185,-0
1.61467728,3.59068513,-0
1.615,3.59010327,-0
1.61537604,3.58938281,-0
1.61575208,3.58861768,-0
1.61745919,3.5846072,-0
1.61966208,3.57820795,-0
1.62,3.57711018,-0
1.62049296,3.57545505,-0
1.62098592,3.57373709,-0
1.62268369,3.56735464,-0
1.62438145,3.56028859,-0
1.625,3.55755567,-0
1.62525186,3.55641987,-0
1.62550372,3.55527108,-0
1.62676304,3.54933879,-0
1.62815774,3.54241611,-0
1.62955244,3.5351341,-0
1.63,3.53272229,-0
1.63042377,3.53040538,-0
1.63084753,3.52805616,-0
1.63257191,3.51816212,-0
1.63473979,3.50494494,-0
1.635,3.50329915,-0
1.63522331,3.50187653,-0
1.63544663,3.50044449,-0
1.6365632,3.49314291,-0
1.63794369,3.48378917,-0
1.63932419,3.47407655,-0
1.64,3.46919353,-0
1.64020922,3.46766511,-0
1.64041844,3.46612888,-0
1.64146456,3.45833164,-0
1.64283394,3.44782784,-0
1.64420331,3.43696546,-0
1.645,3.4304674,-0
1.64532769,3.4277543,-0
1.64565538,3.42501692,-0
1.64729382,3.41094967,-0
1.64881958,3.39725301,-0
1.65,3.38625343,-0
1.65006422,3.38564509,-0
1.65012843,3.38503573,-0
1.65044951,3.38197379,-0
1.65205489,3.36628694,-0
1.65353206,3.35127976,-0
1.655,3.33577144,-0
1.65509524,3.3347433,-0
1.65519047,3.33371238,-0
1.65566665,3.3285153,-0
1.65744478,3.30845279,-0
1.65987516,3.2792461,-0
1.66,3.27768874,-0
1.66006942,3.27682029,-0
1.66013885,3.27595013,-0
1.66048596,3.27157365,-0
1.66222155,3.24905023,-0
1.66391003,3.22608735,-0
1.665,3.21068435,-0
1.66507231,3.20964575,-0
1.66514462,3.20860505,-0
1.66550619,3.20337102,-0
1.66682706,3.1840059,-0
1.66842446,3.16151327,-0
1.66885728,3.15596927,-0
1.66937727,3.14980383,-0
1.6695857,3.14751051,-0
1.66969014,3.14640362,-0
1.66973122,3.14597625,-0
1.669739,3.14589593,-0
1.66974677,3.14581561,-0
1.66978562,3.14541273,-0
1.66997991,3.14336959,-0
1.67,3.14315584,-0
1.67010058,3.14208001,-0.0297435140627883
1.67020116,3.14099451,-0.0594876630408548
1.67070405,3.13543376,-0.208217929654104
1.67245321,3.11463281,-0.725660225557991
1.67472463,3.08367405,-1.39788165078519
1.675,3.07946518,-1.47939896782859
1.67509238,3.07802434,-1.48600666188778
1.67518475,3.07656898,-1.49261448356198
1.67564663,3.06908609,-1.5256555345483
1.6773599,3.03883468,-1.64824340871069
1.67907316,3.00557393,-1.77087572033386
1.68,2.9865106,-1.83724268056313
1.68010713,2.98425788,-1.83571234207029
1.68021426,2.98199502,-1.83418194386378
1.68074992,2.97053951,-1.82652904523501
1.68243064,2.93335623,-1.80250673416752
1.68491192,2.87579628,-1.76701503971214
1.685,2.87369428,-1.76575454818751
1.68506903,2.87204373,-1.76097048051611
1.68513806,2.8703904,-1.75618629309084
1.68548321,2.86208331,-1.73226355965626
1.68716481,2.82073648,-1.61566747962274
1.68858231,2.78482917,-1.5173281808759
1.69,2.74787689,-1.41892534390754
1.69004714,2.7466282,-1.41443643878871
1.69009428,2.74537815,-1.40994745715124
1.69032999,2.73910756,-1.38750140368606
1.69150852,2.70725506,-1.275242435159
1.69286015,2.66972,-1.14644996381543
1.69421178,2.63112445,-1.01764451081338
1.695,2.60812832,-0.942493651463812
1.69503853,2.60699507,-0.939382318993639
1.69507705,2.60586096,-0.936270928689934
1.69526969,2.60017733,-0.920713168214483
1.69623287,2.57141891,-0.842903809224031
1.69767434,2.527235,-0.726392625030715
1.69911581,2.48155374,-0.609804730523687
1.7,2.45275263,-0.538251928458498
1.70015511,2.44763817,-0.521572884284954
1.70031022,2.44250557,-0.504892659695648
1.70108576,2.4165861,-0.42147384659872
1.70261073,2.36455632,-0.257358265540481
1.70413571,2.3115084,-0.0931286716651613
1.705,2.28116745,-0
1.70525088,2.27233719,-0
1.70550175,2.26349334,-0
1.70675614,2.21893176,-0
1.70819994,2.16667689,-0
1.70964374,2.113353,-0
1.71,2.10005838,-0
1.71022934,2.09147713,-0
1.71045868,2.08287996,-0
1.71160538,2.03970558,-0
1.71304519,1.98518479,-0
1.714485,1.93037699,-0
1.715,1.91068446,-0
1.71515231,1.90484908,-0
1.71530462,1.89900794,-0
1.71606616,1.86970757,-0
1.71762552,1.80916399,-0
1.71918487,1.74786636,-0
1.72,1.71554907,-0
1.72008336,1.71223447,-0
1.72016673,1.70891821,-0
1.72058355,1.69231297,-0
1.72219189,1.62792014,-0
1.72360995,1.57082225,-0
1.725,1.51462548,-0
1.72510384,1.51041924,-0
1.72520769,1.50621188,-0
1.7257269,1.4851588,-0
1.72723577,1.42384034,-0
1.72874464,1.36236205,-0
1.73,1.31111999,-0
1.73011873,1.30627011,-0
1.73023746,1.30141971,-0
1.73083111,1.27716068,-0
1.73238446,1.2136499,-0
1.73400738,1.14731104,-0
1.735,1.10679945,-0
1.73526641,1.09594052,-0
1.73553283,1.08508911,-0
1.7368649,1.03097264,-0
1.73819207,0.9773517,-0
1.73951924,0.92409298,-0
1.74,0.90489942,-0
1.74015161,0.89885787,-0
1.74030323,0.89282187,-0
1.74106129,0.86272756,-0
1.74254712,0.80418557,-0
1.74403296,0.74629137,-0
1.745,0.70898921,-0
1.74523814,0.69985137,-0
1.74547627,0.69073289,-0
1.74666695,0.64544138,-0
1.74800214,0.59528894,-0
1.74933732,0.54586293,-0
1.75,0.52161629,-0
1.75013725,0.51661857,-0
1.75027451,0.51162925,-0
1.75096077,0.48681066,-0
1.75263936,0.42704772,-0
1.75431795,0.36871464,-0
1.755,0.3454415,-0
1.75511497,0.34154344,-0
1.75522994,0.33765266,-0
1.7558048,0.31830887,-0
1.75748262,0.26291293,-0
1.7596541,0.19355769,-0
1.76,0.18275003,-0
1.7601014,0.17959428,-0
1.76020279,0.17644414,-0
1.76070977,0.16077777,-0
1.76244406,0.10825947,-0
1.76465983,0.04367384,-0
1.765,0.03402217,-0
1.76511421,0.03079802,-0
1.76522842,0.02758218,-0
1.76579948,0.01162941,-0
1.76748339,-0.03414671,-0
1.76972215,-0.09196679,-0
1.77,-0.09889424,-0
1.77017191,-0.10315235,-0
1.77034381,-0.10738905,-0
1.77120335,-0.12824783,-0
1.77266894,-0.1625249,-0
1.77413454,-0.19507586,-0
1.775,-0.21343268,-0
1.77514023,-0.21634398,-0
1.77528046,-0.21923738,-0
1.77598161,-0.23343429,-0
1.77747058,-0.26211146,-0
1.77935801,-0.29584763,-0
1.78,-0.30675119,-0
1.78017377,-0.30965875,-0
1.78034754,-0.31254862,-0
1.78121638,-0.32674615,-0
1.7827894,-0.35144441,-0
1.78436242,-0.37481849,-0
1.785,-0.38387128,-0
1.78508741,-0.38509165,-0
1.78517483,-0.38630682,-0
1.7856119,-0.39230303,-0
1.78725345,-0.41356689,-0
1.7885752,-0.42917918,-0
1.78989694,-0.44344193,-0
1.79,-0.44449843,-0
1.79006363,-0.4451468,-0
1.79012726,-0.44579216,-0
1.7904454,-0.44897427,-0
1.79203613,-0.46379903,-0
1.79333264,-0.47460632,-0
1.79462916,-0.48433334,-0
1.795,-0.48692341,-0
1.79505322,-0.48728825,-0
1.79510645,-0.48765136,-0
1.79537257,-0.48944109,-0
1.79670319,-0.49775079,-0
1.79798917,-0.50477888,-0
1.79927515,-0.51082033,-0
1.8,-0.51378572,-0
1.80008885,-0.51412713,-0
1.80017769,-0.5144637,-0
1.80062193,-0.51607385,-0
1.8022937,-0.5210605,-0
1.80371033,-0.52402947,-0
1.805,-0.52584117,-0
1.80512312,-0.52597409,-0
1.80524625,-0.52610048,-0
1.80586187,-0.52663823,-0
1.80744106,-0.5273662,-0
1.80941521,-0.52712309,-0
1.81,-0.52682242,-0
1.81005749,-0.52678726,-0
1.81011497,-0.52675111,-0
1.81040241,-0.52655524,-0
1.81183957,-0.5251985,-0
1.81313608,-0.52344053,-0
1.8144326,-0.52119055,-0
1.815,-0.52005446,-0
1.81505863,-0.51993187,-0
1.81511725,-0.51980831,-0
1.81541039,-0.51917596,-0
1.81687605,-0.51566264,-0
1.81816647,-0.51213242,-0
1.81945689,-0.50827708,-0
1.82,-0.50657857,-0
1.82006187,-0.50638269,-0
1.82012374,-0.50618636,-0
1.82043309,-0.50519818,-0
1.82197985,-0.50012774,-0
1.82326619,-0.49581001,-0
1.82455254,-0.49145943,-0
1.825,-0.48994441,-0
1.8251203,-0.48953723,-0
1.82524059,-0.48913018,-0
1.82584208,-0.4870975,-0
1.82733332,-0.48206102,-0
1.82867097,-0.47742121,-0
1.83,-0.47273724,-0
1.83007198,-0.47248836,-0
1.83014397,-0.4722404,-0
1.83050389,-0.47101591,-0
1.83187969,-0.46661247,-0
1.83325549,-0.4627055,-0
1.83463128,-0.45933968,-0
1.835,-0.45852591,-0
1.83505525,-0.45840693,-0
1.8351105,-0.4582887,-0
1.83538675,-0.45770852,-0
1.83676801,-0.45506141,-0
1.83799384,-0.45305661,-0
1.83921967,-0.45141922,-0
1.84,-0.4505994,-0
1.84006476,-0.45053989,-0
1.84012951,-0.45048174,-0
1.84045329,-0.45021168,-0
1.84190656,-0.44945139,-0
1.84311631,-0.44943571,-0
1.84432606,-0.45003685,-0
1.845,-0.45064808,-0
1.84504839,-0.45069959,-0
1.84509679,-0.4507521,-0
1.84533875,-0.45102987,-0
1.84654859,-0.45279306,-0
1.84775842,-0.45517781,-0
1.84896825,-0.45820875,-0
1.85,-0.46133376,-0
1.85006872,-0.46156027,-0
1.85013745,-0.46178912,-0
1.85048107,-0.46296859,-0
1.85189572,-0.46845143,-0
1.85307097,-0.47379503,-0
1.85424622,-0.47988605,-0
1.855,-0.48419508,-0
1.8550329,-0.48439038,-0
1.8550658,-0.48458628,-0
1.85523031,-0.48557487,-0
1.85605286,-0.49074167,-0
1.85742953,-0.50019528,-0
1.85869467,-0.50975459,-0
1.85995981,-0.52015109,-0
1.86,-0.52049502,-0
1.86004378,-0.52087069,-0
1.86008757,-0.52124736,-0
1.86030649,-0.52314566,-0
1.86140109,-0.53300712,-0
1.86210929,-0.53971175,-0
1.86242234,-0.54275933,-0
1.86273539,-0.54586471,-0
1.86389626,-0.55789725,-0
1.865,-0.57009301,-0
1.86504322,-0.57058527,-0
1.86508645,-0.57107861,-0
1.86530257,-0.5735615,-0
1.86638319,-0.58637064,-0
1.8675744,-0.60123612,-0
1.8687656,-0.61692844,-0
1.86995681,-0.63351244,-0
1.87,-0.63413081,-0
1.87006294,-0.63503423,-0
1.87012589,-0.63594021,-0
1.8704406,-0.64050861,-0
1.87181509,-0.66119755,-0
1.87297684,-0.67959415,-0
1.8741386,-0.69881677,-0
1.875,-0.71356018,-0
1.87507882,-0.7149277,-0
1.87515763,-0.71629812,-0
1.87555172,-0.72319225,-0
1.87689651,-0.74719549,-0
1.87805149,-0.76838764,-0
1.87920648,-0.79019654,-0
1.88,-0.80555322,-0
1.88020482,-0.80956435,-0
1.88040965,-0.81359429,-0
1.88143376,-0.83401726,-0
1.88259596,-0.85774611,-0
1.88375817,-0.88213479,-0
1.88492037,-0.90719068,-0
1.885,-0.90892832,-0
1.88515922,-0.91240967,-0
1.88531844,-0.91589974,-0
1.88611454,-0.93346568,-0
1.887405,-0.96229729,-0
1.88857094,-0.98878507,-0
1.88973689,-1.01576052,-0
1.89,-1.02190789,-0
1.89029203,-1.02875211,-0
1.89058406,-1.03561615,-0
1.89187263,-1.06609703,-0
1.89297433,-1.09241191,-0
1.89407603,-1.1190342,-0
1.895,-1.14157642,-0
