time_new,AnkleAngle(deg),moment_newnew
0.63,-1.02720789,0
0.6300035,-1.02725749,0
0.630007,-1.0273071,0
0.63002449,-1.02755528,0
0.63011194,-1.02879994,0
0.63039939,-1.03286496,0
0.63068684,-1.03699816,0
0.63104734,-1.04229434,0
0.63151434,-1.04934226,0
0.63215641,-1.0594068,0
0.63296339,-1.07266784,0
0.63349991,-1.08152679,0
0.63403644,-1.09064715,0
0.635,-1.10880217,0
0.63500589,-1.10891188,0
0.63501178,-1.10902161,0
0.63504123,-1.1095705,0
0.63518847,-1.11232069,0
0.63592469,-1.12617645,0
0.63705257,-1.14741747,0
0.63818045,-1.16871712,0
0.63918613,-1.1877252,0
0.64,-1.20351307,0
0.64000907,-1.20368948,0
0.64001814,-1.20386593,0
0.64006349,-1.20474876,0
0.64029026,-1.20917848,0
0.64142408,-1.23178877,0
0.64250271,-1.25419581,0
0.64358133,-1.27756154,0
0.64465995,-1.30186628,0
0.645,-1.30971152,0
0.64501191,-1.30998641,0
0.64502382,-1.31026138,0
0.64508337,-1.31163738,0
0.64538114,-1.31854503,0
0.64686996,-1.35362788,0
0.64804241,-1.38182599,0
0.64921487,-1.41054079,0
0.65,-1.4301649,0
0.65001264,-1.43048139,0
0.65002528,-1.43079795,0
0.65008847,-1.43238163,0
0.65040444,-1.44032228,0
0.65150212,-1.46818125,0
0.6525998,-1.49648608,0
0.65407799,-1.53541294,0
0.655,-1.56006067,0
0.65500898,-1.56030178,0
0.65501796,-1.5605429,0
0.65506286,-1.56174868,0
0.65528738,-1.5677818,0
0.65640997,-1.59800237,0
0.65753256,-1.62826337,0
0.65865515,-1.65865905,0
0.65977773,-1.68929381,0
0.66,-1.69538504,0
0.66001,-1.69565935,0
0.66002,-1.69593367,0
0.66007,-1.6973055,0
0.66031999,-1.70417003,0
0.66142073,-1.73448483,0
0.66252147,-1.76492805,0
0.66400724,-1.80623115,0
0.665,-1.83405248,0
0.66501701,-1.83452773,0
0.66503402,-1.83500294,0
0.66511906,-1.83737849,0
0.66554427,-1.84923988,0
0.66689316,-1.88656634,0
0.66793552,-1.91512519,0
0.66897789,-1.94348806,0
0.67,-1.97114809,0
0.67002289,-1.97176533,0
0.67004578,-1.97238246,0
0.67016022,-1.97546644,0
0.67073245,-1.99084071,0
0.6720478,-2.02581409,0
0.67310563,-2.05362835,0
0.67416345,-2.08121825,0
0.675,-2.10287299,0
0.67501577,-2.10327822,0
0.67503154,-2.10368336,0
0.67511039,-2.1057078,0
0.67550463,-2.11579617,0
0.67650793,-2.14121764,0
0.67751124,-2.16614481,0
0.67851455,-2.1905672,0
0.67951785,-2.2144839,0
0.68,-2.2257994,0
0.68000865,-2.22600089,0
0.6800173,-2.22620234,0
0.68006057,-2.2272089,0
0.68027688,-2.23222462,0
0.6812565,-2.25456655,0
0.68223612,-2.27626738,0
0.68321574,-2.29734724,0
0.68419536,-2.31785752,0
0.685,-2.3342773,0
0.68501023,-2.33448367,0
0.68502047,-2.33468996,0
0.68507164,-2.33572046,0
0.68532751,-2.34084813,0
0.6862578,-2.35914193,0
0.6871881,-2.37684868,0
0.688465,-2.40022643,0
0.68955515,-2.41922395,0
0.69,-2.42663076,0
0.69001027,-2.4268012,0
0.69002054,-2.42697154,0
0.69007189,-2.42782177,0
0.69032864,-2.43203534,0
0.69157749,-2.45156523,0
0.69258543,-2.46614866,0
0.69359336,-2.47971253,0
0.69460129,-2.49232108,0
0.695,-2.49704765,0
0.69501057,-2.49717094,0
0.69502114,-2.49729412,0
0.69507399,-2.49790844,0
0.69533825,-2.50094065,0
0.69645516,-2.51300831,0
0.69757208,-2.52388716,0
0.698689,-2.53361133,0
0.69980592,-2.54215254,0
0.7,-2.54353939,0
0.70001403,-2.54363596,0
0.70002806,-2.5437323,0
0.70009821,-2.54421068,0
0.70044896,-2.54651757,0
0.70151817,-2.55260915,0
0.70258738,-2.55726785,0
0.7038334,-2.56094408,0
0.70493177,-2.56269313,0
0.705,-2.56275751,0
0.70501262,-2.56276839,0
0.70502524,-2.56277908,0
0.70508835,-2.56282968,0
0.70540386,-2.5630113,0
0.70662407,-2.56258023,0
0.70784427,-2.56036578,0
0.70906447,-2.5564637,0
0.71,-2.5522814,0
0.71001132,-2.55222401,0
0.71002264,-2.55216645,0
0.71007923,-2.55187615,0
0.71036221,-2.5503606,0
0.71144434,-2.54357911,0
0.71252647,-2.5351318,0
0.7136086,-2.52508512,0
0.71469073,-2.51352215,0
0.715,-2.5099324,0
0.71502592,-2.50963432,0
0.71505185,-2.5093354,0
0.71518147,-2.50782794,0
0.71582956,-2.49996627,0
0.7171381,-2.48189078,0
0.71844664,-2.46154749,0
0.71975518,-2.43907866,0
0.72,-2.43423383,0
0.72001816,-2.43390983,0
0.72003632,-2.43358541,0
0.72012713,-2.43195691,0
0.72058116,-2.42365213,0
0.72196771,-2.39567328,0
0.72318786,-2.36881111,0
0.724408,-2.33997933,0
0.725,-2.32487543,0
0.72503661,-2.32409578,0
0.72507322,-2.32331485,0
0.72525628,-2.31939074,0
0.72617155,-2.29927648,0
0.72762301,-2.25923674,0
0.72907448,-2.19239706,0
0.73,-2.18194637,0
0.73002266,-2.18124806,0
0.73004533,-2.18054913,0
0.73015865,-2.17704508,0
0.73072526,-2.15928533,0
0.73221128,-2.10958815,0
0.7335167,-2.06358533,0
0.73482213,-2.01553508,0
0.735,-2.00682138,0
0.735012,-2.00636818,0
0.735024,-2.00591479,0
0.73508399,-2.00364513,0
0.73538395,-1.99222796,0
0.73688375,-1.93337142,0
0.73815984,-1.88046531,0
0.73943594,-1.82562274,0
0.74,-1.79980798,0
0.74003644,-1.79847273,0
0.74007289,-1.79713637,0
0.7402551,-1.79043791,0
0.74116617,-1.75652125,0
0.74276914,-1.68161209,0
0.74437212,-1.60370656,0
0.745,-1.5624458,0
0.74501655,-1.56163532,0
0.7450331,-1.56082455,0
0.74511584,-1.55676647,0
0.74552954,-1.53636847,0
0.74714692,-1.45289183,0
0.74853964,-1.37889798,0
0.74993236,-1.30307804,0
0.75,-1.29772927,0
0.75005112,-1.29506537,0
0.75010225,-1.2923992,0
0.75035787,-1.27903383,0
0.75163599,-1.21132146,0
0.7530005,-1.13245694,0
0.75436501,-1.05190676,0
0.755,-1.00845684,0
0.75505895,-1.00516463,0
0.75511791,-1.00186981,0
0.75541268,-0.98535624,0
0.75688652,-0.90178377,0
0.75836037,-0.81661054,0
0.75983422,-0.73008249,0
0.76,-0.69758855,0
0.76004943,-0.69450613,0
0.76009887,-0.69142205,0
0.76034603,-0.67597643,0
0.76158185,-0.59809835,0
0.76293113,-0.50938943,0
0.76428042,-0.41957558,0
0.765,-0.36883859,0
0.76506043,-0.3649707,0
0.76512087,-0.3611009,0
0.76542303,-0.34172298,0
0.76693384,-0.24408355,0
0.76825969,-0.14529614,0
0.76958554,-0.04566535,0
0.77,-0.02586145,0
0.77002634,-0.02393681,0
0.77005267,-0.02201186,0
0.77018435,-0.01238225,0
0.77084275,0.03589222,0
0.77247328,0.15076383,0
0.77456625,0.29048495,0
0.775,0.32745264,0
0.77502444,0.32925243,0
0.77504887,0.33105239,0
0.77517105,0.34005472,0
0.77578194,0.38513449,0
0.77741795,0.50263582,0
0.77989356,0.67231588,0
0.78,0.68718157,0
0.78003025,0.68945394,0
0.7800605,0.69172641,0
0.78021174,0.70309043,0
0.78096795,0.75996174,0
0.78263112,0.88051152,0
0.78429428,1.00109439,0
0.785,1.04945617,0
0.7850534,1.05306007,0
0.7851068,1.05666387,0
0.78537381,1.07468181,0
0.78670885,1.16477443,0
0.78808342,1.26421296,0
0.78945799,1.36332528,0
0.79,1.41066246,0
0.79001474,1.41169417,0
0.79002949,1.41272585,0
0.79010321,1.41788365,0
0.79047182,1.44365934,0
0.79214023,1.56300405,0
0.79356984,1.66506411,0
0.79382065,1.68290149,0
0.79404062,1.69854515,0
0.79414426,1.70565873,0
0.79422411,1.71121697,0
0.79424259,1.71383131,0
0.79424862,1.7143296,0
0.79425465,1.71482788,0
0.7942848,1.71731908,0
0.79443553,1.72977073,0
0.795,1.76736725,0
0.79501601,1.76845958,0
0.79503203,1.76955186,0
0.79511209,1.77501263,0
0.79551243,1.80230215,0
0.79651286,1.87234402,0
0.79751329,1.94231878,0
0.79880791,2.03316607,0
0.8,2.1197717,0
0.80003383,2.12179044,-0.002866781
0.80006766,2.12380926,-0.00573348
0.80023682,2.13390424,-0.020065754
0.80108261,2.18437378,-0.091696563
0.8025888,2.28831642,-0.219131154
0.80409498,2.41084435,-0.346404217
0.805,2.46539052,-0.422800485
0.80503781,2.46736947,-0.425176114
0.80507562,2.46934709,-0.427551667
0.80526468,2.47921551,-0.439428293
0.80620997,2.52808888,-0.49878298
0.80743572,2.60347359,-0.575700341
0.8089302,2.67741463,-0.669389362
0.81,2.75021293,-0.736389664
0.81002054,2.78307543,-0.738499629
0.81004108,2.78429204,-0.740609561
0.81014378,2.78550854,-0.751158722
0.8106573,2.79158946,-0.803892096
0.81170264,2.82195645,-0.911176257
0.81238337,2.88538411,-0.980993615
0.8130641,2.92705004,-1.050774576
0.81374483,2.968569,-1.12051914
0.81433305,3.00989645,-1.180755572
0.81492126,3.04541378,-1.240964832
0.815,3.08076305,-1.249022709
0.81502333,3.08741298,-1.25206896
0.81504665,3.08879437,-1.255115161
0.81516329,3.09017552,-1.270345329
0.81574648,3.09707757,-1.346475741
0.81632966,3.13149376,-1.422572101
0.81691284,3.16574834,-1.498634408
0.81749603,3.19983001,-1.574662652
0.81839154,3.23371615,-1.691341949
0.81928705,3.28584968,-1.807959853
0.82,3.33734074,-1.900797195
0.82003696,3.37930826,-1.906678461
0.82007392,3.38131487,-1.912559581
0.82025873,3.38332054,-1.941962984
0.82106531,3.39333497,-2.070248022
0.82187188,3.4385559,-2.198463508
0.82312874,3.4832967,-2.398117728
0.82438559,3.55175266,-2.597603053
0.825,3.61883128,-2.695059193
0.82505396,3.65222131,-2.705482901
0.82510792,3.65483989,-2.715906231
0.82537772,3.65745669,-2.768017196
0.82672671,3.670514,-3.028429965
0.82807571,3.73514183,-3.288605943
0.82942471,3.80291087,-3.548545141
0.83,3.86919412,-3.65932702
0.83003655,3.90537089,-3.667486005
0.8300731,3.90693087,-3.675644787
0.83025584,3.90849011,-3.71643569
0.83116955,3.9162752,-3.920314686
0.83226773,3.95492611,-4.165326462
0.83372914,4.0051756,-4.49129533
0.835,4.07042106,-4.774542357
0.83507405,4.13401872,-4.792466371
0.8351481,4.13907273,-4.810389638
0.83551834,4.14208709,-4.899994795
0.83714674,4.1450982,-5.293871359
0.83854627,4.16010571,-5.632098923
0.83994579,4.23153682,-5.970059902
0.84,4.29088159,-5.983144719
0.84006196,4.34869515,-5.998346492
0.84012392,4.35387945,-6.013547735
0.84043373,4.35617918,-6.089545963
0.84198277,4.35847667,-6.469337957
0.8433535,4.36993114,-6.805135066
0.84472422,4.42642474,-7.140845927
0.845,4.48160847,-7.208431066
0.8452035,4.53530311,-7.256488907
0.84540699,4.55054869,-7.304542316
0.84642447,4.56165056,-7.54474261
0.84779303,4.57269207,-7.867649257
0.84916159,4.62706685,-8.190354765
0.85,4.68001508,-8.387951244
0.85015386,4.72971473,-8.421974888
0.85030772,4.73551474,-8.455996145
0.85107702,4.74129561,-8.626066622
0.85261514,4.76993252,-8.965919118
0.85415325,4.82047328,-9.305533073
0.855,4.86951158,-9.492394018
0.85544394,4.89246143,-9.584759989
0.85588789,4.90633643,-9.677107186
0.85749138,4.92009235,-10.01079308
0.85969392,4.96809007,-10.46944778
0.86,5.02908302,-10.53315736
0.8604498,5.03988136,-10.6247233
0.86089961,5.06797164,-10.71627431
0.86253073,5.09556904,-11.04814082
0.86470496,5.13247902,-11.49020259
0.865,5.16831033,-11.55016227
0.86531996,5.17341199,-11.61689241
0.86563992,5.18297929,-11.68361482
0.86723971,5.19248297,-12.01711088
0.86866442,5.23329786,-12.31394533
0.87,5.28923942,-12.59229357
0.87022437,5.2948043,-12.64237945
0.87044874,5.30550131,-12.69246204
0.87157058,5.31612231,-12.94282567
0.87294889,5.35387298,-13.25031113
0.87432719,5.39053654,-13.55767248
0.875,5.4059418,-13.70766252
0.8752722,5.4185188,-13.77384459
0.8755444,5.43100107,-13.84002138
0.8769054,5.46209746,-14.17082619
0.87831994,5.49248115,-14.51450495
0.87973447,5.50877241,-14.85804121
0.88,5.52068657,-14.92251113
0.88024835,5.53253348,-14.98834161
0.8804967,5.56198905,-15.05416731
0.88173845,5.59090566,-15.38322388
0.88317312,5.60533097,-15.76356327
0.8846078,5.62158394,-16.14386049
0.885,5.6377561,-16.24779877
0.88546661,5.66484207,-16.38094024
0.88593322,5.69155865,-16.51406575
0.88770638,5.69755603,-17.01980498
0.88947953,5.70979687,-17.52531384
0.89,5.72201555,-17.67365182
0.89046582,5.74920899,-17.8135128
0.89093164,5.7761842,-17.95335702
0.89272666,5.78716263,-18.49208417
0.89452167,5.80440658,-19.03056267
0.895,5.82166327,-19.17403382
0.89573707,5.84904401,-19.40060839
0.89647415,5.87564843,-19.62714123
0.89798577,5.88452083,-20.09159527
0.89949739,5.89340232,-20.55587388
0.9,5.92535906,-20.71020486
0.9003922,5.95736509,-20.82999809
0.9007844,5.96421723,-20.94977958
0.90258771,5.97522241,-21.50037612
0.904866,5.98625332,-22.19563939
0.905,6.01409796,-22.23651876
0.90540617,6.04205695,-22.35620937
0.90581233,6.05369022,-22.47588784
0.90760301,6.06082956,-23.00332603
0.90971163,6.06798121,-23.62382569
0.91,6.10074585,-23.70865625
0.910283,6.14132026,-23.774103
0.910566,6.14499746,-23.83954484
0.911981,6.14810201,-24.16668028
0.91351471,6.15121002,-24.52112192
0.915,6.16684316,-24.86423708
0.91520577,6.19404673,-24.88591589
0.91541155,6.22170345,-24.90759346
0.91644041,6.24018535,-25.01596334
0.91791935,6.24321047,-25.17168726
0.91939829,6.24623461,-25.32734893
0.92,6.26136073,-25.3906575
0.92009372,6.29019243,-25.39479678
0.92018744,6.31906336,-25.39893595
0.92065604,6.33706085,-25.41963013
0.92240137,6.33857734,-25.49668306
0.925,6.34009343,-25.61133569
0.92516184,6.34767139,-25.6214931
0.92532368,6.38573539,-25.63165004
0.92613289,6.43336522,-25.68242781
0.92766248,6.434114,-25.77837762
0.92919207,6.43742904,-25.87428624
0.93,6.44074271,-25.92492854
0.9300362,6.45730103,-25.92693499
0.93007239,6.48677713,-25.92894145
0.93025338,6.51609954,-25.93897333
0.9311583,6.53072489,-25.98912513
0.93261109,6.53269087,-26.06960692
0.93406388,6.53465671,-26.14997253
0.935,6.54448635,-26.20173919
0.93512831,6.58091163,-26.20968401
0.93525663,6.61727166,-26.2176285
0.9358982,6.6265616,-26.25734666
0.93775009,6.62777339,-26.37195177
0.93960198,6.62898516,-26.486496
0.94,6.63504257,-26.5111063
0.94005692,6.66518228,-26.51886815
0.94011385,6.69484298,-26.52662984
0.94039847,6.72035727,-26.56543657
0.94182159,6.7228154,-26.75942401
0.94338794,6.72527431,-26.97284815
0.9449543,6.73757236,-27.1861791
0.945,6.77241466,-27.19240208
0.94513806,6.80687711,-27.22334026
0.94527611,6.81172687,-27.25429491
0.94596639,6.81319452,-27.4090511
0.94788055,6.81466273,-27.83804808
0.94979471,6.82200987,-28.2668278
0.95,6.85709445,-28.31279955
0.9500836,6.90176717,-28.33781835
0.95016721,6.90454252,-28.36283656
0.95058522,6.90731829,-28.48791949
0.95243947,6.92118459,-29.04260645
0.95498732,6.95083635,-29.80433231
0.955,6.97991007,-29.80812301
0.95508941,6.98920042,-29.83565825
0.95517882,6.98976102,-29.86319283
0.95562587,6.99032168,-30.000856
0.95757716,6.99312624,-30.60153433
0.95952844,7.00708752,-31.20207668
0.96,7.0212532,-31.34716591
0.96005959,7.05149811,-31.36084505
0.96011918,7.07772473,-31.37452398
0.96041712,7.07883605,-31.44291549
0.96190681,7.07994662,-31.78479391
0.96357129,7.08548741,-32.16662596
0.965,7.11281266,-32.49424309
0.96507576,7.14310442,-32.51105994
0.96515151,7.16366192,-32.5278765
0.96553029,7.16669544,-32.61195424
0.96742416,7.16972082,-33.03221901
0.96971925,7.18472973,-33.54123905
0.97,7.21192609,-33.60348375
0.97011842,7.23846636,-33.62985854
0.97023684,7.2426085,-33.65623252
0.97082894,7.24517141,-33.78841474
0.97300792,7.24773095,-34.27491366
0.975,7.26048386,-34.71947856
0.97521062,7.28712104,-34.77319056
0.97542123,7.31332415,-34.8269001
0.97647432,7.31756604,-35.09541031
0.97820386,7.32029374,-35.53626531
0.9799334,7.32301586,-35.97695232
0.98,7.33654219,-35.99391904
0.9802939,7.36133109,-36.08034016
0.98058781,7.38547792,-36.16675564
0.98205732,7.38844692,-36.59874942
0.98411914,7.39252496,-37.20519915
0.985,7.39658884,-37.46439222
0.98529671,7.41674079,-37.55550041
0.98559343,7.44073038,-37.64660333
0.98707699,7.45505943,-38.10203955
0.98887129,7.45859762,-38.65269176
0.99,7.4621244,-38.99898538
0.99027539,7.47963272,-39.07220584
0.99055077,7.5000666,-39.14542243
0.99192771,7.51814674,-39.5114465
0.99356214,7.52078979,-39.94579368
0.995,7.5234256,-40.32778792
0.99522291,7.53653372,-40.37532288
0.99544582,7.55474607,-40.42285578
0.99656039,7.57270314,-40.66093786
0.99807616,7.5780874,-40.98470263
0.99959194,7.58176922,-41.30838251
1,7.58543857,-41.3955055
1.00035497,7.6037113,-41.46534836
1.00070993,7.62217735,-41.53518696
1.00244436,7.63551266,-41.87636811
1.00480069,7.63825423,-42.33972052
1.005,7.64098884,-42.37890526
1.00526811,7.65461645,-42.42179976
1.00553622,7.67024473,-42.46469227
1.00687677,7.68570475,-42.67912476
1.00829078,7.69085883,-42.90529333
1.0097048,7.69379489,-43.13173424
1.01,7.69672699,-43.17900167
1.01025106,7.71140786,-43.21458783
1.01050213,7.72657427,-43.2501725
1.01175745,7.74166487,-43.42807425
1.01314374,7.74514389,-43.62449597
1.01453004,7.74692421,-43.82087349
1.015,7.74870433,-43.88743633
1.01518477,7.75762306,-43.90912727
1.01536953,7.77382483,-43.9308176
1.01629337,7.79014025,-44.03925928
1.01771336,7.79979227,-44.20590895
1.01913336,7.80142809,-44.37252
1.02,7.8030646,-44.47418624
1.02022266,7.81126092,-44.49541699
1.02044532,7.82995464,-44.51664698
1.02155862,7.84862627,-44.62244637
1.02294267,7.85510167,-44.75379136
1.02432672,7.85617954,-44.88510283
1.025,7.85725894,-44.9489682
1.02520908,7.86268487,-44.96862987
1.02541816,7.88392792,-44.98829078
1.02646358,7.909993,-45.08658387
1.02786166,7.91396386,-45.21800644
1.02925974,7.91621002,-45.34939508
1.03,7.91846261,-45.41894983
1.03019213,7.92983442,-45.4363931
1.03038427,7.9483891,-45.4538357
1.03134493,7.96730079,-45.54103958
1.0327726,7.97816629,-45.67060727
1.03420027,7.98163327,-45.79932649
1.035,7.98511721,-45.87110488
1.03527583,8.00284744,-45.89400518
1.03555165,8.02239653,-45.91690406
1.03693079,8.04244083,-46.03137627
1.03833153,8.04814348,-46.14760408
1.03973227,8.04943621,-46.26379405
1.04,8.05073132,-46.28599798
1.04010447,8.05724582,-46.29308195
1.04020895,8.07219568,-46.30016569
1.04073132,8.07679479,-46.33558195
1.04180118,8.08203036,-46.40810345
1.04211965,8.08511959,-46.429688
1.04231747,8.08845007,-46.44309432
1.04247423,8.08926646,-46.45371779
1.04260625,8.08987879,-46.46266431
1.04267155,8.09001727,-46.46708948
1.04271577,8.09005293,-46.47008555
1.04273762,8.09008858,-46.47156605
1.04274332,8.09026687,-46.47195257
1.04274902,8.091159,-46.4723391
1.04277754,8.09563595,-46.4742716
1.04292014,8.11778125,-46.48393394
1.04363311,8.1261677,-46.53224092
1.045,8.12701644,-46.62483039
1.04505772,8.12786604,-46.62678217
1.04511544,8.13212764,-46.62873391
1.04540404,8.15095429,-46.63849223
1.04659442,8.17030721,-46.67769631
1.04778481,8.19423069,-46.71599675
1.0489752,8.21307113,-46.75428126
1.05,8.21412646,-46.78722755
1.05006901,8.21518297,-46.78927386
1.05013803,8.22048428,-46.79132005
1.0504831,8.23896487,-46.80155046
1.05153718,8.25793238,-46.83279333
1.05259126,8.28538815,-46.86402451
1.05392282,8.30963194,-46.90346059
1.055,8.31137902,-46.93534904
1.0550984,8.31312894,-46.93842404
1.05519679,8.32192397,-46.94149901
1.05568877,8.35521654,-46.95687205
1.05728479,8.38461365,-47.00672553
1.0586776,8.41463682,-47.0499844
1.06,8.41648063,-47.08878073
1.06009234,8.41849651,-47.09077572
1.06018469,8.42051555,-47.09277052
1.06064641,8.43066184,-47.10274338
1.06222986,8.46696786,-47.13692709
1.06359153,8.49901328,-47.16630052
1.06495319,8.5316975,-47.19565334
1.065,8.53345549,-47.19666192
1.06506543,8.53494045,-47.19808955
1.06513086,8.53642687,-47.19951712
1.06545802,8.54388147,-47.20665419
1.0670025,8.5817659,-47.24033172
1.06831017,8.61493153,-47.26882448
1.06961784,8.64862403,-47.29729799
1.07,8.66021597,-47.30561549
1.07004692,8.66144225,-47.30732504
1.07009384,8.66266944,-47.30903456
1.07032843,8.66881941,-47.31758167
1.07150139,8.69994966,-47.35967797
1.07281541,8.73574131,-47.40508518
1.07412944,8.77216025,-47.45045741
1.075,8.79670699,-47.48049793
1.07503876,8.79780709,-47.48265475
1.07507753,8.7989078,-47.48481143
1.07527135,8.80442056,-47.49559446
1.07624045,8.83221832,-47.54949291
1.07764085,8.87274375,-47.6273303
1.07904126,8.91383597,-47.70510943
1.08,8.94225943,-47.75832455
1.08025596,8.9494506,-47.78087318
1.08051192,8.95666517,-47.80341892
1.08179171,8.99310213,-47.9161042
1.08314014,9.03468557,-48.03475412
1.08448856,9.07676577,-48.15217641
1.085,9.09619414,-48.19631194
1.08529317,9.10492965,-48.22832983
1.08558635,9.11369204,-48.26034221
1.08705222,9.15790983,-48.42032382
1.08851808,9.20269532,-48.58017111
1.08998395,9.24785924,-48.73988381
1.09,9.25765233,-48.74163145
1.09026652,9.2666285,-48.77527404
1.09053305,9.27562753,-48.80891142
1.09186567,9.32098365,-48.97702251
1.09323857,9.36685584,-49.15008195
1.09461148,9.41303312,-49.3230065
1.095,9.42548074,-49.37191896
1.0952934,9.43695771,-49.41310788
1.09558681,9.44846054,-49.45428988
1.09705383,9.50391536,-49.65947857
1.09852086,9.55417589,-49.8637761
1.09998788,9.59822111,-50.06789173
1.1,9.60892391,-50.06957658
1.10029651,9.61963944,-50.1120858
1.10059303,9.67344406,-50.15458724
1.10207559,9.72132641,-50.36698031
1.10355816,9.76913502,-50.57918208
1.105,9.77368148,-50.78537204
1.1051042,9.77744886,-50.79922714
1.10520839,9.78121612,-50.81308149
1.10572938,9.80005307,-50.88233942
1.10732403,9.85604248,-51.09418764
1.10873618,9.90722444,-51.28161934
1.11,9.94886153,-51.44943038
1.11019652,9.95602865,-51.47751301
1.11039304,9.96319392,-51.50559233
1.11137565,9.99900806,-51.64593904
1.1127072,10.04481974,-51.83599274
1.11403874,10.09036647,-52.02589438
1.115,10.12197571,-52.16289134
1.11508081,10.12466378,-52.1767233
1.11516163,10.12735109,-52.19055445
1.11556569,10.14077701,-52.25970082
1.11710095,10.19207105,-52.52227428
1.11843642,10.236974,-52.7504838
1.11977189,10.28132201,-52.97851219
1.12,10.29101033,-53.01744292
1.12011458,10.29514184,-53.04011044
1.12022915,10.29926965,-53.06277658
1.12080203,10.31985383,-53.17608392
1.12228902,10.36957213,-53.47094176
1.12382123,10.43811347,-53.77557343
1.125,10.45301951,-54.00976527
1.12511705,10.45582198,-54.03518878
1.12523411,10.45862249,-54.06061057
1.12581937,10.47259842,-54.18769638
1.12755687,10.53434447,-54.56474882
1.12974501,10.59497112,-55.0391018
1.13,10.60760114,-55.0943422
1.13009092,10.61130546,-55.11422712
1.13018183,10.6150046,-55.13411122
1.13063641,10.63342483,-55.23351688
1.13242535,10.68381816,-55.62448345
1.13470195,10.74537251,-56.12266308
1.135,10.75335092,-56.18836607
1.13509933,10.758236,-56.21126285
1.13519866,10.76310791,-56.23415863
1.13569531,10.78728151,-56.34862247
1.13735951,10.82727601,-56.73199448
1.13902372,10.86623967,-57.1150846
1.14,10.88793439,-57.33968651
1.14012523,10.89246505,-57.36862738
1.14025045,10.89698134,-57.39756678
1.14087658,10.91936037,-57.54223934
1.14252874,10.95547302,-57.92379525
1.14463854,10.99053313,-58.41063508
1.145,11.01067671,-58.49399557
1.14510593,11.01449208,-58.51848774
1.14521186,11.01829389,-58.54297875
1.1457415,11.03710708,-58.66541669
1.14738986,11.07374866,-59.04810729
1.14947966,11.10886052,-59.53700136
1.15,11.12054985,-59.65867991
1.15010801,11.12358294,-59.68395938
1.15021603,11.12660496,-59.70923785
1.1507561,11.14155896,-59.83561695
1.15239169,11.17379997,-60.2182135
1.15463484,11.20463963,-60.74259324
1.155,11.21725012,-60.82792028
1.1551427,11.21902073,-60.85969146
1.15528541,11.22078653,-60.89146104
1.15599892,11.22954731,-61.05028673
1.15764922,11.25831934,-61.41749169
1.15929951,11.28391023,-61.78449536
1.16,11.3014965,-61.94212742
1.16006463,11.30281377,-61.95561447
1.16012926,11.30412737,-61.96910132
1.16045242,11.31064259,-62.03653259
1.1620682,11.33535613,-62.37361605
1.16342274,11.35552331,-62.6561064
1.16477728,11.37337203,-62.9385112
1.165,11.37392917,-62.98493754
1.16506101,11.37448544,-62.99644123
1.16512203,11.37725422,-63.00794468
1.16542709,11.39083189,-63.06545988
1.1669524,11.40771051,-63.35297673
1.16830356,11.42385146,-63.60758269
1.16965471,11.43405177,-63.86211145
1.17,11.43528942,-63.9271444
1.17008617,11.43652145,-63.94170462
1.17017234,11.442603,-63.95626455
1.1706032,11.46008723,-64.0290599
1.17227598,11.48131161,-64.31234562
1.17375222,11.4844182,-64.56551881
1.175,11.48560758,-64.7794712
1.175138,11.4867902,-64.80167319
1.175276,11.49260974,-64.82387475
1.17596601,11.50673265,-64.93487617
1.17764202,11.52252528,-65.20445031
1.17931803,11.52522818,-65.4739618
1.18,11.52687515,-65.583609
1.18022623,11.52850849,-65.61713609
1.18045246,11.53651428,-65.65066212
1.18158361,11.54603864,-65.81827647
1.18297757,11.5551137,-66.0247994
1.18437154,11.55902428,-66.23128225
1.185,11.56260159,-66.32493326
1.18524269,11.56613523,-66.35675236
1.18548538,11.57598381,-66.38857074
1.18669884,11.58550071,-66.54765177
1.18808293,11.58854885,-66.72908062
1.18946702,11.58876216,-66.91048597
1.19,11.58897526,-66.98033463
1.19004513,11.59003763,-66.98620482
1.19009026,11.59528082,-66.99207498
1.19031592,11.60349154,-67.02142539
1.1914442,11.61131762,-67.16816821
1.19282464,11.61468892,-67.34768616
1.19420508,11.61499406,-67.5271809
1.195,11.61529913,-67.63053131
1.19507211,11.61682405,-67.64130297
1.19514422,11.62448111,-67.65207456
1.19550476,11.63106433,-67.70593143
1.19700657,11.63756794,-67.93024758
1.19833902,11.63919178,-68.12919717
1.19967147,11.63961216,-68.32811395
1.2,11.64003345,-68.37715479
1.20014642,11.64215451,-68.40244164
1.20029283,11.65000047,-68.42772818
1.20102491,11.65690329,-68.55415552
1.20258353,11.6638665,-68.82329237
1.20414214,11.66510693,-69.09238967
1.205,11.66557083,-69.24048282
1.20510349,11.66603632,-69.25963143
1.20520697,11.66838988,-69.27877988
1.2057244,11.67728753,-69.37451924
1.20725489,11.6851183,-69.65767371
1.20856647,11.69316888,-69.90029747
1.20987805,11.69498461,-70.14276971
1.21,11.69550696,-70.16509594
1.2101071,11.69603112,-70.17901819
1.2102142,11.69868116,-70.19294021
1.21074969,11.70907658,-70.26254699
1.21234161,11.71831726,-70.46944317
1.21371385,11.7278573,-70.64774817
1.215,11.73084919,-70.81483212
1.215054,11.7316895,-70.81778359
1.21510801,11.73253327,-70.82073499
1.21537802,11.7368084,-70.8354918
1.2167281,11.74937409,-70.90926615
1.21796498,11.76071746,-70.97684097
1.21920187,11.77240579,-71.04440238
1.22,11.77352354,-71.0879913
1.22003842,11.77392518,-71.08982658
1.22007684,11.77432744,-71.09166186
1.22026892,11.77634863,-71.10083816
1.22122937,11.78676105,-71.14671516
1.22227465,11.7963703,-71.1966367
1.22319758,11.80638288,-71.2393594
1.22412051,11.81562798,-71.28182649
1.225,11.82463664,-71.32228698
1.22502473,11.82490022,-71.32657713
1.22504946,11.82516396,-71.33086727
1.2251731,11.82648495,-71.35231769
1.2257913,11.83314575,-71.45956174
1.22680428,11.84485838,-71.63526272
1.22781726,11.85673123,-71.81092767
1.22883024,11.86862177,-71.98655659
1.23,11.88199175,-72.18932306
1.23004106,11.88254537,-72.1971357
1.23008212,11.88309974,-72.20494827
1.23028741,11.88588319,-72.24401022
1.23131388,11.90014106,-72.43929557
1.23256823,11.9158471,-72.67787921
1.23382258,11.93207086,-72.91640242
1.235,11.94542407,-73.14024335
1.2350284,11.94581964,-73.14449562
1.2350568,11.94621548,-73.14870388
1.23519882,11.94819888,-73.16974453
1.23590888,11.95821405,-73.27493628
1.23736022,11.97958577,-73.48988456
1.23864968,12.00045024,-73.68078771
1.23993914,12.01522707,-73.87162576
1.24,12.01609918,-73.88063072
1.24004197,12.0169723,-73.89144135
1.24008394,12.02135449,-73.90225187
1.24029378,12.04230637,-73.9563028
1.24134298,12.06038839,-74.22651356
1.24255819,12.07877591,-74.53938628
1.2437734,12.09034923,-74.85216085
1.24498861,12.09093358,-75.16483728
1.245,12.0915181,-75.16776618
1.24504076,12.09444366,-75.18365723
1.24508152,12.10918012,-75.19954811
1.24528533,12.13193447,-75.27899994
1.24630439,12.15488388,-75.67619698
1.24752479,12.170073,-76.15173993
1.2487452,12.17096275,-76.62646238
1.24996561,12.17185212,-77.10096636
1.25,12.17629317,-77.11433598
1.2500517,12.19835606,-77.1297262
1.2501034,12.21646548,-77.14511621
1.25036191,12.23407508,-77.22206286
1.25165447,12.24717481,-77.60671421
1.25279929,12.24877329,-77.94729048
1.25394412,12.25036898,-78.28775967
1.255,12.25831176,-78.6016804
1.2550589,12.2677802,-78.60954377
1.2551178,12.277187,-78.617407
1.25541229,12.29359683,-78.65672129
1.2562604,12.3094495,-78.76992274
1.25664845,12.31724893,-78.82170859
1.2570365,12.31787096,-78.87348868
1.25818548,12.31849212,-79.02677127
1.25933446,12.32158588,-79.18000345
1.26,12.33682943,-79.26873892
1.26004703,12.35173815,-79.27609862
1.26009406,12.36603621,-79.28345823
1.26032922,12.378503,-79.32069716
1.26150502,12.37932771,-79.50997876
1.26268082,12.38014855,-79.69922542
1.26385662,12.384196,-79.88843713
1.265,12.39820257,-80.07239747
1.26506618,12.40895615,-80.08898105
1.26513237,12.41848428,-80.10556439
1.26546329,12.42406458,-80.18847876
1.2668458,12.42476989,-80.53482758
1.26800909,12.42546565,-80.82620096
1.26917238,12.4288087,-81.11752175
1.27,12.43645434,-81.32474806
1.27009657,12.44201393,-81.34873483
1.27019314,12.44620608,-81.37272125
1.270676,12.44786257,-81.49264785
1.2720006,12.44798363,-81.8215888
1.27315921,12.44810117,-82.11187654
1.27431783,12.44863811,-82.40892907
1.275,12.45016951,-82.58383421
1.27505615,12.450243,-82.59293601
1.2751123,12.44888399,-82.60203783
1.27539306,12.44612197,-82.64754732
1.27669506,12.44594181,-82.85860425
1.27783285,12.44575759,-83.04305448
1.27897065,12.44477777,-83.22751426
1.28,12.4387108,-83.39439977
1.280054,12.43199642,-83.39449622
1.28010801,12.42367733,-83.39459269
1.28037802,12.41288905,-83.39507497
1.28165724,12.41238267,-83.39735982
1.28276011,12.41187192,-83.39932968
1.28386297,12.40925477,-83.40129951
1.285,12.3947815,-83.40333037
1.28504486,12.38027131,-83.3945131
1.28508973,12.36396465,-83.38569584
1.28531404,12.34548498,-83.34160915
1.28643563,12.34100892,-83.13537363
1.28755721,12.34057772,-82.93085406
1.2886788,12.34014539,-82.72623742
1.28980039,12.33796687,-82.52152354
1.29,12.32667898,-82.48507931
1.29002631,12.30064484,-82.47500043
1.29005263,12.27650681,-82.4649216
1.2901842,12.25023242,-82.41452534
1.29084207,12.22300835,-82.16250406
1.29205528,12.21821457,-81.6975578
1.29309109,12.2133563,-81.30042087
1.29412689,12.18816701,-80.90311718
1.295,12.14911628,-80.56808909
1.2951791,12.1116311,-80.47061478
1.29535819,12.07131127,-80.37313333
1.29625367,12.05121938,-79.88562182
1.29745109,12.04827343,-79.23345363
1.29849595,12.04531387,-78.67272601
1.29954081,12.03031791,-78.12289358
1.3,11.97795735,-77.8810843
1.30007403,11.93239414,-77.8350651
1.30014806,11.88430217,-77.78904276
1.3005182,11.83346221,-77.55888365
1.30173593,11.81921617,-76.80113318
1.30273688,11.81656981,-76.17764129
1.30373783,11.81391683,-75.5535758
1.30473878,11.80055401,-74.9289367
1.305,11.73313293,-74.76582729
1.30504884,11.67496767,-74.7333402
1.30509768,11.61413153,-74.70085165
1.30534188,11.55040104,-74.53838719
1.30655949,11.52264917,-73.7277827
1.30756324,11.51994288,-73.0588696
1.308567,11.51723205,-72.38934429
1.30957075,11.50361067,-71.71920613
1.31,11.43388248,-71.43244081
1.31003961,11.34479627,-71.40564178
1.31007922,11.2513701,-71.37884179
1.31027726,11.15853048,-71.24482705
1.31126746,11.15358102,-70.58623012
1.31252133,11.14862107,-69.75999917
1.3137752,11.1236655,-68.93219612
1.315,11.0143559,-68.12206782
1.31506451,10.9185196,-68.08013684
1.31512901,10.81904518,-68.0382013
1.31545155,10.724819,-67.82846415
1.31676827,10.71737496,-66.9711698
1.31788361,10.70991376,-66.24366268
1.31899895,10.67235344,-65.51493278
1.32,10.53946762,-64.85983079
1.320077,10.42280885,-64.81101073
1.32015401,10.30219199,-64.76218547
1.32053903,10.22080653,-64.51797302
1.32190721,10.20924017,-63.64901251
1.32306434,10.19764277,-62.91269811
1.32422148,10.1391983,-62.19056942
1.325,9.98250085,-61.70581085
1.32511148,9.84434454,-61.63784936
1.32522295,9.7020297,-61.5698714
1.32578034,9.64739042,-61.22974568
1.32717989,9.63746041,-60.37396286
1.32838226,9.62751261,-59.63675067
1.32958463,9.57751139,-58.8976907
1.33,9.39862963,-58.64194469
1.33006699,9.24288498,-58.60036851
1.33013398,9.08307915,-58.55878655
1.33046894,9.00654647,-58.3507907
1.33190595,8.99841498,-57.45682221
1.33311813,8.990274,-56.70065859
1.33433031,8.94942886,-55.94260404
1.335,8.75017802,-55.52298934
1.33506225,8.57809329,-55.48237757
1.33512451,8.40213017,-55.44176115
1.33543577,8.30098895,-55.23859937
1.33688079,8.29716543,-54.30483342
1.33810132,8.29334022,-53.51744582
1.33932186,8.27418915,-52.7276501
1.34,8.17783921,-52.28779259
1.34003181,7.95667292,-52.26438171
1.34006361,7.74435419,-52.2409684
1.34022264,7.53538139,-52.12387607
1.34101776,7.53297943,-51.53772413
1.34247679,7.53057691,-50.45917165
1.34433313,7.51855623,-49.08133805
1.345,7.45825737,-48.58483599
1.34501676,7.21461436,-48.57034536
1.34503353,7.01607151,-48.5558547
1.34511735,6.81435601,-48.48339092
1.34553648,6.71484063,-48.12085391
1.34703926,6.71169588,-46.81794715
1.34825201,6.70855036,-45.76306454
1.34946476,6.6928114,-44.71062234
1.35,6.61383691,-44.24557506
1.35001975,6.36050208,-44.22798284
1.35003949,6.14868077,-44.21038914
1.35013823,5.93361197,-44.12240903
1.35063192,5.84093123,-43.68216188
1.35210277,5.83730681,-42.36709538
1.3533152,5.83368165,-41.27923838
1.35452762,5.81554501,-40.18790233
1.355,5.72460033,-39.76176359
1.35501984,5.44996443,-39.74406927
1.35503968,5.22414035,-39.72637402
1.35513889,4.99582488,-39.63788447
1.35563493,4.9207303,-39.19509086
1.35714134,4.91395641,-37.84685136
1.3583646,4.90718076,-36.74812346
1.35958786,4.87327647,-35.6458952
1.36,4.70313056,-35.2737444
1.36003693,4.44380121,-35.24173275
1.36007387,4.18199101,-35.20971847
1.36025854,3.96476968,-35.04959974
1.36118189,3.95461769,-34.24794145
1.36251623,3.94446323,-33.08691579
1.36385057,3.89365437,-31.92181546
1.365,3.6387359,-30.91490422
1.36505064,3.39181003,-30.87466463
1.36510129,3.14338442,-30.83442009
1.3653545,2.98220403,-30.63311574
1.36662058,2.97192289,-29.62459308
1.36787841,2.96164066,-28.61934068
1.36913623,2.91021355,-27.61079451
1.37,2.65271182,-26.91630302
1.37005634,2.3922712,-26.87640504
1.37011268,2.13111853,-26.83650122
1.37039438,1.98482944,-26.63689444
1.37180289,1.97081489,-25.63666917
1.3732114,1.95680078,-24.63279106
1.3746199,1.88673797,-23.62327371
1.375,1.55713864,-23.34999336
1.37507135,1.27774836,-23.30441579
1.37514269,0.99870484,-23.2588302
1.37549942,0.98568297,-23.03078664
1.37714848,0.96399608,-21.97408677
1.37855021,0.94231577,-21.07260821
1.37995195,0.83402044,-20.16813474
1.38,0.50536297,-20.13707691
1.38011731,0.03516658,-20.06615705
1.38023462,-0.0019914,-19.99521753
1.38082115,-0.0159653,-19.64022452
1.38247847,-0.029934,-18.63450709
1.3848853,-0.09969495,-17.1669669
1.385,-0.42266423,-17.09682217
1.38508314,-0.70102865,-17.04305099
1.38516628,-0.96445988,-16.98926939
1.38558197,-0.98778606,-16.7202048
1.38723536,-1.01109238,-15.64485056
1.38871161,-1.12731858,-14.67994854
1.39,-1.42819937,-13.8355636
1.39009982,-1.82428278,-13.76910843
1.39019965,-1.89364188,-13.70264048
1.39069876,-1.91239304,-13.37010664
1.39230733,-1.93112515,-12.29620024
1.39391591,-2.02449527,-11.21894272
1.395,-2.31163332,-10.49103981
1.39509125,-2.56620908,-10.43263066
1.39518249,-2.78025561,-10.37421114
1.39563872,-2.79632048,-10.0819597
1.39724134,-2.81236511,-9.05332099
1.39863734,-2.8922836,-8.15471485
1.4,-3.16379739,-7.273589027
1.40009581,-3.39329061,-7.217602216
1.40019162,-3.61229734,-7.161607384
1.40067066,-3.61523764,-6.881512841
1.40227871,-3.61817703,-5.939828179
1.40367465,-3.63286032,-5.120522043
1.405,-3.70595248,-4.341069226
1.40501783,-3.96234037,-4.334705282
1.40503565,-4.17674415,-4.328341136
1.40512479,-4.22433627,-4.296518001
1.40557047,-4.26031028,-4.137338886
1.40720065,-4.27003437,-3.554207936
1.40857397,-4.27177484,-3.06186225
1.40887988,-4.27388013,-2.952053828
1.40911037,-4.2843956,-2.869284514
1.4092116,-4.33670306,-2.832922345
1.40922907,-4.39310318,-2.826649887
1.40924653,-4.39766984,-2.820377245
1.40933383,-4.40223325,-2.789011604
1.40977037,-4.42500163,-2.632122678
1.41,-4.53764593,-2.54955502
1.41003091,-4.77911425,-2.536560659
1.41006182,-5.01180758,-2.523565704
1.41021637,-5.1113157,-2.458582028
1.41098913,-5.11382446,-2.13344111
1.41264541,-5.11633209,-1.434946979
1.41430169,-5.1288534,-0.735019922
1.415,-5.19106344,-0.439562901
1.41501833,-5.29799227,-0.437955306
1.41503667,-5.38622907,-0.436347684
1.41512834,-5.47318852,-0.428309104
1.41558667,-5.5587394,-0.388104718
1.41636473,-5.68777285,-0.319811975
1.41704028,-5.75178725,-0.260471334
1.41771584,-5.75228341,-0.201089122
1.41839139,-5.7527795,-0.141665338
1.41941391,-5.75525869,-0.051642531
1.42,-5.76762393,0
1.42000416,-5.82163468,0
1.42000832,-5.88689961,0
1.42002914,-5.97353428,0
1.4201332,-6.08456415,0
1.42059326,-6.21867905,0
1.42116123,-6.28609995,0
1.42193758,-6.28736554,0
1.42297453,-6.2886303,0
1.42430048,-6.29494166,0
1.425,-6.32618927,0
1.42501339,-6.44066673,0
1.42502678,-6.50761959,0
1.42509375,-6.5707411,0
1.42542855,-6.62393698,0
1.42679511,-6.67448796,0
1.42758581,-6.69427552,0
1.42837652,-6.69582454,0
1.42908516,-6.69737183,0
1.4297938,-6.70508268,0
1.43,-6.74302147,0
1.43002263,-6.79363452,0
1.43004525,-6.84209529,0
1.43015838,-6.90212854,0
1.43072403,-6.95847847,0
1.43150257,-6.99404099,0
1.43228112,-6.99536154,0
1.43330155,-6.99668006,0
1.43432198,-7.0032423,0
1.435,-7.03530817,0
1.43502606,-7.09675933,0
1.43505213,-7.15586588,0
1.43518245,-7.20807531,0
1.43583408,-7.21146826,0
1.43719357,-7.21271696,0
1.43862556,-7.21396027,0
1.44,-7.22009565,0
1.44003685,-7.24869425,0
1.4400737,-7.29017159,0
1.44025793,-7.32044828,0
1.44117912,-7.32997241,0
1.44276557,-7.33095704,0
1.44435201,-7.33191764,0
1.445,-7.33636506,0
1.44507917,-7.34846992,0
1.44515834,-7.3515812,0
1.4455542,-7.3477147,0
1.44712474,-7.34666066,0
1.44848884,-7.34592092,0
1.44985293,-7.34512927,0
1.45,-7.34039125,0
1.4501164,-7.31722763,0
1.45023279,-7.28135662,0
1.45081478,-7.26764353,0
1.45261512,-7.26382712,0
1.45441547,-7.25993028,0
1.455,-7.23925699,0
1.45514611,-7.18446473,0
1.45529221,-7.11955637,0
1.45602275,-7.09706765,0
1.45773778,-7.08974652,0
1.45945282,-7.08232628,0
1.46,-7.04374489,0
1.46018964,-6.97326449,0
1.46037927,-6.89599075,0
1.46132746,-6.84125127,0
1.46274199,-6.82093464,0
1.46415653,-6.80025846,0
1.465,-6.69157258,0
1.46531837,-6.54914152,0
1.46563674,-6.50656219,0
1.46722858,-6.48625859,0
1.46882043,-6.46574886,0
1.47,-6.36017389,0
1.47025922,-6.23766755,0
1.47051844,-6.10942194,0
1.47181453,-6.10168003,0
1.47330131,-6.07463435,0
1.4747881,-6.04736415,0
1.475,-5.90772303,0
1.47537608,-5.76272753,0
1.47575216,-5.63654076,0
1.47744243,-5.5931156,0
1.4795554,-5.54928919,0
1.48,-5.37848935,0
1.48029043,-5.14929538,0
1.48058086,-5.1192769,0
1.48203302,-5.02607399,0
1.48348518,-4.93178157,0
1.48493734,-4.7765766,0
1.485,-4.61889785,0
1.48549363,-4.5621247,0
1.48598726,-4.50697862,0
1.48763944,-4.45156496,0
1.48929161,-4.25943532,0
1.49,-4.06453315,0
1.49047011,-3.97553713,0
1.49094022,-3.8837167,0
1.49260531,-3.79148313,0
1.49427041,-3.62534967,0
1.495,-3.45821627,0
1.49595804,-3.36916327,0
1.49691608,-3.30413752,0
1.49829672,-3.23900042,0
1.49967737,-3.03435536,0
1.5,-2.82908496,0
1.50061813,-2.75251284,0
1.50123625,-2.66162473,0
1.50267128,-2.57077536,0
1.5041063,-2.40103765,0
1.505,-2.23176419,0
1.50566557,-2.13566096,0
1.50633114,-2.0604279,0
1.50772898,-1.98534054,0
1.50912682,-1.80958892,0
1.51,-1.63488862,0
1.51080393,-1.52778402,0
1.51160787,-1.45460149,0
1.51297714,-1.38168212,0
1.51434642,-1.2092892,0
1.515,-1.03870049,0
1.51549765,-0.93660637,0
1.51599531,-0.87503982,0
1.51773458,-0.8137619,0
1.51947386,-0.6181721,0
1.52,-0.42588831,0
1.52090202,-0.3700359,0
1.52180404,-0.3088189,0
1.52322783,-0.2479824,0
1.52465163,-0.06243194,0
1.525,0.11918017,0
1.52556098,0.16620935,0
1.52612195,0.22101915,0
1.52767155,0.27542363,0
1.52922115,0.45131093,0
1.53,0.62259705,0
1.53051578,0.6669843,0
1.53103157,0.71621501,0
1.53278284,0.76502975,0
1.53453412,0.92399976,0
1.535,1.07823663,0
1.53558975,1.12854382,0
1.5361795,1.16544628,0
1.53787332,1.20205119,0
1.53956713,1.3515498,0
1.54,1.5248622,0
1.5404346,1.54819294,0
1.5408692,1.59429512,0
1.54263719,1.6398005,0
1.54440518,1.75285541,0
1.545,1.86202748,0
1.54550921,1.92415491,0
1.54601842,1.93763598,0
1.5477646,1.95105288,0
1.54951078,2.01717596,0
1.55,2.10627,0
1.55027461,2.1922839,0
1.55054922,2.25609088,0
1.55192226,2.26391076,0
1.55338757,2.27170276,0
1.55485288,2.31024512,0
1.555,2.40090045,0
1.55509714,2.51633201,0
1.55519429,2.544447,0
1.55568,2.54823181,0
1.55714028,2.55200813,0
1.55864117,2.57076259,0
1.56,2.6613801,0
1.56010076,2.79063993,0
1.56020152,2.80420179,0
1.56070533,2.81761757,0
1.56257567,2.8825242,0
1.56463611,2.95355772,0
1.565,2.99674483,0
1.56514978,3.00423303,0
1.56529955,3.01166128,0
1.56604843,3.04791079,0
1.56774411,3.10245114,0
1.56943979,3.15338876,0
1.57,3.16560983,0
1.5705668,3.16946896,0
1.5711336,3.17330575,0
1.57299707,3.19215649,0
1.57486055,3.24170783,0
1.575,3.2935197,0
1.57513954,3.30034206,0
1.57527908,3.30971478,0
1.57597678,3.31889528,0
1.57778221,3.35696839,0
1.57958765,3.40112672,0
1.58,3.40447997,0
1.58034911,3.41297465,0
1.58069822,3.42122607,0
1.58242153,3.44882721,0
1.58460398,3.47350513,0
1.585,3.48172498,0
1.58551656,3.48558627,0
1.58603312,3.4893657,0
1.58775461,3.50706487,0
1.5894761,3.52284018,0
1.59,3.53592354,0
1.59033178,3.53813143,0
1.59066356,3.54028959,0
1.59232247,3.550349,0
1.59390851,3.55985816,0
1.595,3.56806812,0
1.5951213,3.57068425,0
1.59524261,3.57168114,0
1.59584912,3.57265419,0
1.5973476,3.57716829,0
1.6,3.58268064,0
1.6003641,3.58708249,0
1.60072819,3.58929843,0
1.60244389,3.59042267,0
1.60487642,3.59141447,0
1.605,3.59379932,0
1.60521188,3.59485164,0
1.60542375,3.59492204,0
1.60648313,3.59490918,0
1.60787703,3.5948676,0
1.60927093,3.59423987,0
1.61,3.59282185,0
1.61014265,3.59068513,0
1.61028529,3.59010327,0
1.61099853,3.58938281,0
1.61271411,3.58861768,0
1.6144297,3.5846072,0
1.615,3.57820795,0
1.61518052,3.57711018,0
1.61536105,3.57545505,0
1.61626366,3.57373709,0
1.61772206,3.56735464,0
1.61918045,3.56028859,0
1.62,3.55755567,0
1.62029289,3.55641987,0
1.62058579,3.55527108,0
1.62205026,3.54933879,0
1.62349527,3.54241611,0
1.62494028,3.5351341,0
1.625,3.53272229,0
1.62513706,3.53040538,0
1.62527413,3.52805616,0
1.62595945,3.51816212,0
1.62774403,3.50494494,0
1.62952861,3.50329915,0
1.63,3.50187653,0
1.63032449,3.50044449,0
1.63064899,3.49314291,0
1.63227146,3.48378917,0
1.63389392,3.47407655,0
1.635,3.46919353,0
1.63525488,3.46766511,0
1.63550975,3.46612888,0
1.63678414,3.45833164,0
1.63816146,3.44782784,0
1.63953878,3.43696546,0
1.64,3.4304674,0
1.64016888,3.4277543,0
1.64033776,3.42501692,0
1.64118217,3.41094967,0
1.64266363,3.39725301,0
1.64414509,3.38625343,0
1.645,3.38564509,0
1.64535129,3.38503573,0
1.64570258,3.38197379,0
1.64741437,3.36628694,0
1.6498895,3.35127976,0
1.65,3.33577144,0
1.6501062,3.3347433,0
1.6502124,3.33371238,0
1.65074339,3.3285153,0
1.65254105,3.30845279,0
1.65493662,3.2792461,0
1.655,3.27768874,0
1.65526104,3.27682029,0
1.65552209,3.27595013,0
1.6568273,3.27157365,0
1.6582689,3.24905023,0
1.65971051,3.22608735,0
1.66,3.21068435,0
1.66009649,3.20964575,0
1.66019299,3.20860505,0
1.66067546,3.20337102,0
1.66252545,3.1840059,0
1.665,3.16151327,0
1.66508266,3.15596927,0
1.66516532,3.14980383,0
1.66557862,3.14751051,0
1.66691713,3.14640362,0
1.6685275,3.14597625,0
1.66897127,3.14589593,0
1.6695045,3.14581561,0
1.66973647,3.14541273,0
1.66976196,3.14336959,0
1.66977483,3.14315584,0
1.6697877,3.14208001,0
1.66985207,3.14099451,0
1.67,3.13543376,0
1.67009575,3.11463281,-0.0285277
1.67019149,3.08367405,-0.057055861
1.67067023,3.07946518,-0.199703599
1.67242118,3.07802434,-0.721531075
1.6745766,3.07656898,-1.364111178
1.675,3.06908609,-1.490363977
1.67509138,3.03883468,-1.496886647
1.67518276,3.00557393,-1.503409417
1.67563967,2.9865106,-1.536024782
1.67735512,2.98425788,-1.658606241
1.67907056,2.98199502,-1.781290973
1.68,2.97053951,-1.847786359
1.68007349,2.93335623,-1.846779854
1.68014698,2.87579628,-1.845773327
1.68051443,2.87369428,-1.840740382
1.68217327,2.87204373,-1.818013042
1.68362784,2.8703904,-1.798075554
1.685,2.86208331,-1.779260145
1.68507227,2.82073648,-1.774277583
1.68514453,2.78482917,-1.769294918
1.68550587,2.74787689,-1.744380105
1.68718397,2.7466282,-1.628639337
1.68860785,2.74537815,-1.53039044
1.69,2.73910756,-1.434367036
1.69004355,2.70725506,-1.430212463
1.69008709,2.66972,-1.426057822
1.69030483,2.63112445,-1.405283643
1.6913935,2.60812832,-1.301388146
1.69275846,2.60699507,-1.17106674
1.69412343,2.60586096,-1.040680892
1.695,2.60017733,-0.956914006
1.69503735,2.57141891,-0.953311277
1.6950747,2.527235,-0.949708498
1.69526147,2.48155374,-0.93169388
1.69619528,2.45275263,-0.841602519
1.69764832,2.44763817,-0.701357174
1.69910136,2.44250557,-0.561038133
1.7,2.4165861,-0.474219719
1.70020377,2.36455632,-0.454910073
1.70040754,2.3115084,-0.435599006
1.70142639,2.28116745,-0.339022745
1.7028346,2.27233719,-0.20549056
1.70424281,2.26349334,-0.071877246
1.705,2.21893176,0
1.70522078,2.16667689,0
1.70544155,2.113353,0
1.70654543,2.10005838,0
1.707984,2.09147713,0
1.70942257,2.08287996,0
1.71,2.03970558,0
1.71030994,1.98518479,0
1.71061988,1.93037699,0
1.71216959,1.91068446,0
1.71371929,1.90484908,0
1.715,1.89900794,0
1.7151593,1.86970757,0
1.7153186,1.80916399,0
1.71611511,1.74786636,0
1.71765708,1.71554907,0
1.71919905,1.71223447,0
1.72,1.70891821,0
1.72009852,1.69231297,0
1.72019703,1.62792014,0
1.72068962,1.57082225,0
1.72230269,1.51462548,0
1.72391575,1.51041924,0
1.725,1.50621188,0
1.72511063,1.4851588,0
1.72522126,1.42384034,0
1.72577442,1.36236205,0
1.72726991,1.31111999,0
1.72876539,1.30627011,0
1.73,1.30141971,0
1.73012083,1.27716068,0
1.73024166,1.2136499,0
1.7308458,1.14731104,0
1.73236973,1.10679945,0
1.73387834,1.09594052,0
1.735,1.08508911,0
1.73521782,1.03097264,0
1.73543564,0.9773517,0
1.73652473,0.92409298,0
1.73784557,0.90489942,0
1.73916641,0.89885787,0
1.74,0.89282187,0
1.74019589,0.86272756,0
1.74039178,0.80418557,0
1.74137122,0.74629137,0
1.74270832,0.70898921,0
1.74404543,0.69985137,0
1.745,0.69073289,0
1.74518621,0.64544138,0
1.74537243,0.59528894,0
1.7463035,0.54586293,0
1.74766634,0.52161629,0
1.74902918,0.51661857,0
1.75,0.51162925,0
1.75014241,0.48681066,0
1.75028481,0.42704772,0
1.75099684,0.36871464,0
1.7526607,0.3454415,0
1.75432456,0.34154344,0
1.755,0.33765266,0
1.7551115,0.31830887,0
1.755223,0.26291293,0
1.75578049,0.19355769,0
1.75747307,0.18275003,0
1.7596782,0.17959428,0
1.76,0.17644414,0
1.76009723,0.16077777,0
1.76019447,0.10825947,0
1.76068064,0.04367384,0
1.76242299,0.03402217,0
1.76416534,0.03079802,0
1.765,0.02758218,0
1.76511349,0.01162941,0
1.76522697,-0.03414671,0
1.7657944,-0.09196679,0
1.76744471,-0.09889424,0
1.7695872,-0.10315235,0
1.77,-0.10738905,0
1.77008671,-0.12824783,0
1.77017341,-0.1625249,0
1.77060694,-0.19507586,0
1.77235326,-0.21343268,0
1.77391075,-0.21634398,0
1.775,-0.21923738,0
1.77505235,-0.23343429,0
1.7751047,-0.26211146,0
1.77536643,-0.29584763,0
1.77667512,-0.30675119,0
1.77801299,-0.30965875,0
1.77935085,-0.31254862,0
1.78,-0.32674615,0
1.78006829,-0.35144441,0
1.78013659,-0.37481849,0
1.78047805,-0.38387128,0
1.78218538,-0.38509165,0
1.78357074,-0.38630682,0
1.7849561,-0.39230303,0
1.785,-0.41356689,0
1.78513699,-0.42917918,0
1.78527397,-0.44344193,0
1.7859589,-0.44449843,0
1.78756934,-0.4451468,0
1.78917979,-0.44579216,0
1.79,-0.44897427,0
1.79007974,-0.46379903,0
1.79015949,-0.47460632,0
1.7905582,-0.48433334,0
1.79238724,-0.48692341,0
1.79397854,-0.48728825,0
1.795,-0.48765136,0
1.79510177,-0.48944109,0
1.79520355,-0.49775079,0
1.79571242,-0.50477888,0
1.79735117,-0.51082033,0
1.79884394,-0.51378572,0
1.8,-0.51412713,0
1.80015829,-0.5144637,0
1.80031657,-0.51607385,0
1.801108,-0.5210605,0
1.80270097,-0.52402947,0
1.80429395,-0.52584117,0
1.805,-0.52597409,0
1.80505072,-0.52610048,0
1.80510143,-0.52663823,0
1.80535502,-0.5273662,0
1.80662293,-0.52712309,0
1.80791152,-0.52682242,0
1.8092001,-0.52678726,0
1.81,-0.52675111,0
1.81005877,-0.52655524,0
1.81011753,-0.5251985,0
1.81041137,-0.52344053,0
1.81188054,-0.52119055,0
1.81318765,-0.52005446,0
1.81449477,-0.51993187,0
1.815,-0.51980831,0
1.81506341,-0.51917596,0
1.81512682,-0.51566264,0
1.81544385,-0.51213242,0
1.81702904,-0.50827708,0
1.81834264,-0.50657857,0
1.81965624,-0.50638269,0
1.82,-0.50618636,0
1.82012639,-0.50519818,0
1.82025278,-0.50012774,0
1.82088472,-0.49581001,0
1.82243576,-0.49145943,0
1.82449165,-0.48994441,0
1.825,-0.48953723,0
1.82507701,-0.48913018,0
1.82515403,-0.4870975,0
1.82553909,-0.48206102,0
1.82705856,-0.47742121,0
1.82825236,-0.47273724,0
1.82944616,-0.47248836,0
1.83,-0.4722404,0
1.83003601,-0.47101591,0
1.83007202,-0.46661247,0
1.83025207,-0.4627055,0
1.83115234,-0.45933968,0
1.83247194,-0.45852591,0
1.83379154,-0.45840693,0
1.835,-0.4582887,0
1.83504221,-0.45770852,0
1.83508442,-0.45506141,0
1.83529547,-0.45305661,0
1.8363507,-0.45141922,0
1.83755839,-0.4505994,0
1.83876608,-0.45053989,0
1.83997376,-0.45048174,0
1.84,-0.45021168,0
1.84006027,-0.44945139,0
1.84012053,-0.44943571,0
1.84042186,-0.45003685,0
1.8418769,-0.45064808,0
1.84309194,-0.45069959,0
1.84430697,-0.4507521,0
1.845,-0.45102987,0
1.8450424,-0.45279306,0
1.84508479,-0.45517781,0
1.84529678,-0.45820875,0
1.8463567,-0.46133376,0
1.84755866,-0.46156027,0
1.84876063,-0.46178912,0
1.84996259,-0.46296859,0
1.85,-0.46845143,0
1.85005208,-0.47379503,0
1.85010417,-0.47988605,0
1.85036459,-0.48419508,0
1.8516667,-0.48439038,0
1.85282858,-0.48458628,0
1.85399045,-0.48557487,0
1.855,-0.49074167,0
1.85502291,-0.50019528,0
1.85504581,-0.50975459,0
1.85516035,-0.52015109,0
1.85573302,-0.52049502,0
1.85716608,-0.52087069,0
1.85836059,-0.52124736,0
1.8595551,-0.52314566,0
1.86,-0.53300712,0
1.86004151,-0.53971175,0
1.86008301,-0.54275933,0
1.86029055,-0.54586471,0
1.86132821,-0.55789725,0
1.86205057,-0.57009301,0
1.86238573,-0.57058527,0
1.86272088,-0.57107861,0
1.86386956,-0.5735615,0
1.865,-0.58637064,0
1.86503784,-0.60123612,0
1.86507567,-0.61692844,0
1.86526485,-0.63351244,0
1.86621074,-0.63413081,0
1.867485,-0.63503423,0
1.86875927,-0.63594021,0
1.87,-0.64050861,0
1.87007213,-0.66119755,0
1.87014426,-0.67959415,0
1.87050492,-0.69881677,0
1.8719025,-0.71356018,0
1.87305574,-0.7149277,0
1.87420898,-0.71629812,0
1.875,-0.72319225,0
1.87506527,-0.74719549,0
1.87513054,-0.76838764,0
1.8754569,-0.79019654,0
1.87682222,-0.80555322,0
1.87797345,-0.80956435,0
1.87912468,-0.81359429,0
1.88,-0.83401726,0
1.88014602,-0.85774611,0
1.88029205,-0.88213479,0
1.88102216,-0.90719068,0
1.88233876,-0.90892832,0
1.8835192,-0.91240967,0
1.88469963,-0.91589974,0
1.885,-0.93346568,0
1.88512806,-0.96229729,0
1.88525613,-0.98878507,0
1.88589645,-1.01576052,0
1.88719754,-1.02190789,0
1.88832279,-1.02875211,0
1.88944804,-1.03561615,0
1.89,-1.06609703,0
1.89023145,-1.09241191,0
1.89046291,-1.1190342,0
1.89162018,-1.14157642,NaN
1.89277745,,NaN
1.89393471,,NaN
1.895,,NaN
