time_new,AnkleAngle(deg),moment
0.63,-1.02720789,0
0.63000381,-1.02725749,0
0.63000761,-1.0273071,0
0.63002665,-1.02755528,0
0.63012182,-1.02879994,0
0.63040963,-1.03286496,0
0.63069744,-1.03699816,0
0.63106126,-1.04229434,0
0.63153291,-1.04934226,0
0.63218304,-1.0594068,0
0.63299338,-1.07266784,0
0.63347029,-1.08152679,0
0.6339472,-1.09064715,0
0.635,-1.10880217,0
0.63500606,-1.10891188,0
0.63501213,-1.10902161,0
0.63504244,-1.1095705,0
0.63519401,-1.11232069,0
0.63595188,-1.12617645,0
0.63708081,-1.14741747,0
0.63820974,-1.16871712,0
0.63917352,-1.1877252,0
0.64,-1.20351307,0
0.64000906,-1.20368948,0
0.64001812,-1.20386593,0
0.64006341,-1.20474876,0
0.64028986,-1.20917848,0
0.64142211,-1.23178877,0
0.64255436,-1.25419581,0
0.64368661,-1.27756154,0
0.64481887,-1.30186628,0
0.645,-1.30971152,0
0.6450119,-1.30998641,0
0.64502381,-1.31026138,0
0.64508332,-1.31163738,0
0.6453809,-1.31854503,0
0.64686879,-1.35362788,0
0.64804171,-1.38182599,0
0.64921463,-1.41054079,0
0.65,-1.4301649,0
0.65001263,-1.43048139,0
0.65002525,-1.43079795,0
0.65008838,-1.43238163,0
0.65040402,-1.44032228,0
0.6515028,-1.46818125,0
0.65260157,-1.49648608,0
0.65407792,-1.53541294,0
0.655,-1.56006067,0
0.65500898,-1.56030178,0
0.65501796,-1.5605429,0
0.65506284,-1.56174868,0
0.65528728,-1.5677818,0
0.65640947,-1.59800237,0
0.65753167,-1.62826337,0
0.65865386,-1.65865905,0
0.65977605,-1.68929381,0
0.66,-1.69538504,0
0.66001,-1.69565935,0
0.66002,-1.69593367,0
0.66006999,-1.6973055,0
0.66031997,-1.70417003,0
0.66142071,-1.73448483,0
0.66252145,-1.76492805,0
0.66401238,-1.80623115,0
0.665,-1.83405248,0
0.66501699,-1.83452773,0
0.66503398,-1.83500294,0
0.66511893,-1.83737849,0
0.66554366,-1.84923988,0
0.66690334,-1.88656634,0
0.66794553,-1.91512519,0
0.66898772,-1.94348806,0
0.67,-1.97114809,0
0.67002287,-1.97176533,0
0.67004575,-1.97238246,0
0.67016012,-1.97546644,0
0.67073198,-1.99084071,0
0.67204897,-2.02581409,0
0.67310667,-2.05362835,0
0.67416437,-2.08121825,0
0.675,-2.10287299,0
0.67501565,-2.10327822,0
0.67503131,-2.10368336,0
0.67510957,-2.1057078,0
0.67550091,-2.11579617,0
0.6765056,-2.14121764,0
0.67751029,-2.16614481,0
0.67851498,-2.1905672,0
0.67951966,-2.2144839,0
0.68,-2.2257994,0
0.68000864,-2.22600089,0
0.68001728,-2.22620234,0
0.68006047,-2.2272089,0
0.68027643,-2.23222462,0
0.68125578,-2.25456655,0
0.68223512,-2.27626738,0
0.68321447,-2.29734724,0
0.68419382,-2.31785752,0
0.685,-2.3342773,0
0.68501004,-2.33448367,0
0.68502008,-2.33468996,0
0.68507028,-2.33572046,0
0.68532127,-2.34084813,0
0.68624803,-2.35914193,0
0.68717479,-2.37684868,0
0.68841995,-2.40022643,0
0.68951007,-2.41922395,0
0.69,-2.42663076,0
0.69001027,-2.4268012,0
0.69002055,-2.42697154,0
0.69007192,-2.42782177,0
0.69032876,-2.43203534,0
0.69157813,-2.45156523,0
0.6925859,-2.46614866,0
0.69359367,-2.47971253,0
0.69460145,-2.49232108,0
0.695,-2.49704765,0
0.69501049,-2.49717094,0
0.69502098,-2.49729412,0
0.69507344,-2.49790844,0
0.69533573,-2.50094065,0
0.69646407,-2.51300831,0
0.69759242,-2.52388716,0
0.69872076,-2.53361133,0
0.69993904,-2.54215254,0
0.7,-2.54353939,0
0.70001417,-2.54363596,0
0.70002833,-2.5437323,0
0.70009916,-2.54421068,0
0.70045331,-2.54651757,0
0.70151909,-2.55260915,0
0.70258486,-2.55726785,0
0.70383475,-2.56094408,0
0.70494004,-2.56269313,0
0.705,-2.56275751,0
0.7050127,-2.56276839,0
0.7050254,-2.56277908,0
0.7050889,-2.56282968,0
0.70540641,-2.5630113,0
0.7066309,-2.56258023,0
0.70785538,-2.56036578,0
0.70907987,-2.5564637,0
0.71,-2.5522814,0
0.7100115,-2.55222401,0
0.71002299,-2.55216645,0
0.71008047,-2.55187615,0
0.71036786,-2.5503606,0
0.71145603,-2.54357911,0
0.7125442,-2.5351318,0
0.71363238,-2.52508512,0
0.71472055,-2.51352215,0
0.715,-2.5099324,0
0.71502624,-2.50963432,0
0.71505248,-2.5093354,0
0.71518369,-2.50782794,0
0.71583973,-2.49996627,0
0.71715138,-2.48189078,0
0.71846304,-2.46154749,0
0.71977469,-2.43907866,0
0.72,-2.43423383,0
0.72001816,-2.43390983,0
0.72003633,-2.43358541,0
0.72012715,-2.43195691,0
0.72058124,-2.42365213,0
0.72196685,-2.39567328,0
0.72318908,-2.36881111,0
0.72441131,-2.33997933,0
0.725,-2.32487543,0
0.72503209,-2.32409578,0
0.72506418,-2.32331485,0
0.72522461,-2.31939074,0
0.72602681,-2.29927648,0
0.72748171,-2.25923674,0
0.72933576,-2.19239706,0
0.73,-2.18194637,0
0.73002097,-2.18124806,0
0.73004194,-2.18054913,0
0.73014678,-2.17704508,0
0.73067097,-2.15928533,0
0.73212264,-2.10958815,0
0.7334101,-2.06358533,0
0.73469756,-2.01553508,0
0.735,-2.00682138,0
0.73501161,-2.00636818,0
0.73502321,-2.00591479,0
0.73508125,-2.00364513,0
0.73537144,-1.99222796,0
0.73682237,-1.93337142,0
0.73809898,-1.88046531,0
0.73937558,-1.82562274,0
0.74,-1.79980798,0
0.74002948,-1.79847273,0
0.74005897,-1.79713637,0
0.74020638,-1.79043791,0
0.74094345,-1.75652125,0
0.74255497,-1.68161209,0
0.74456175,-1.60370656,0
0.745,-1.5624458,0
0.74501655,-1.56163532,0
0.7450331,-1.56082455,0
0.74511585,-1.55676647,0
0.74552961,-1.53636847,0
0.74714385,-1.45289183,0
0.7485379,-1.37889798,0
0.74993195,-1.30307804,0
0.75,-1.29772927,0
0.75004884,-1.29506537,0
0.75009767,-1.2923992,0
0.75034185,-1.27903383,0
0.75156274,-1.21132146,0
0.75293382,-1.13245694,0
0.7543049,-1.05190676,0
0.755,-1.00845684,0
0.75505968,-1.00516463,0
0.75511936,-1.00186981,0
0.75541774,-0.98535624,0
0.75690969,-0.90178377,0
0.75840163,-0.81661054,0
0.75989358,-0.73008249,0
0.76,-0.69758855,0
0.76005279,-0.69450613,0
0.76010559,-0.69142205,0
0.76036955,-0.67597643,0
0.76168937,-0.59809835,0
0.76304201,-0.50938943,0
0.76439465,-0.41957558,0
0.765,-0.36883859,0
0.76504479,-0.3649707,0
0.76508958,-0.3611009,0
0.76531354,-0.34172298,0
0.76643331,-0.24408355,0
0.76776761,-0.14529614,0
0.76910191,-0.04566535,0
0.77,-0.02586145,0
0.77003823,-0.02393681,0
0.77007646,-0.02201186,0
0.7702676,-0.01238225,0
0.77122333,0.03589222,0
0.7726053,0.15076383,0
0.77398728,0.29048495,0
0.775,0.32745264,0
0.77503071,0.32925243,0
0.77506142,0.33105239,0
0.77521497,0.34005472,0
0.77598274,0.38513449,0
0.77762058,0.50263582,0
0.77925842,0.67231588,0
0.78,0.68718157,0
0.78002571,0.68945394,0
0.78005142,0.69172641,0
0.78017995,0.70309043,0
0.78082265,0.75996174,0
0.78249105,0.88051152,0
0.78462915,1.00109439,0
0.785,1.04945617,0
0.78513279,1.05306007,0
0.78526559,1.05666387,0
0.78592956,1.07468181,0
0.7876136,1.16477443,0
0.78929764,1.26421296,0
0.79,1.36332528,0
0.79001343,1.41066246,0
0.79002686,1.41169417,0
0.79009402,1.41272585,0
0.79042979,1.41788365,0
0.79209466,1.44365934,0
0.79352716,1.56300405,0
0.79393633,1.66506411,0
0.79407181,1.68290149,0
0.79416454,1.69854515,0
0.7942396,1.70565873,0
0.7942496,1.71121697,0
0.79425961,1.71383131,0
0.79430962,1.7143296,0
0.79455971,1.71482788,0
0.795,1.71731908,0
0.7950154,1.72977073,0
0.7950308,1.76736725,0
0.79510779,1.76845958,0
0.79549274,1.76955186,0
0.79648685,1.77501263,0
0.79748096,1.80230215,0
0.79877164,1.87234402,0
0.8,1.94231878,0
0.80002933,2.03316607,-0.002612137
0.80005866,2.1197717,-0.005224229
0.80020531,2.12179044,-0.018284034
0.80093857,2.12380926,-0.083566585
0.80242676,2.13390424,-0.215977558
0.80421571,2.18437378,-0.374998899
0.805,2.28831642,-0.4446637
0.80503023,2.41084435,-0.44653027
0.80506045,2.46539052,-0.448396808
0.80521158,2.46736947,-0.457729008
0.80596723,2.46934709,-0.504377832
0.80714188,2.47921551,-0.576868902
0.80831653,2.52808888,-0.649315254
0.80949118,2.60347359,-0.721716658
0.81,2.67741463,-0.753064615
0.81001991,2.75021293,-0.755142527
0.81003982,2.78307543,-0.757220419
0.81013937,2.78429204,-0.767609546
0.81063713,2.78550854,-0.819546988
0.81167279,2.79158946,-0.927566077
0.81235437,2.82195645,-0.998622424
0.81303594,2.88538411,-1.069653169
0.81371752,2.92705004,-1.140658306
0.81430619,2.968569,-1.201963894
0.81489486,3.00989645,-1.263250382
0.815,3.04541378,-1.27419432
0.8150231,3.08076305,-1.277226088
0.81504619,3.08741298,-1.280257821
0.81516167,3.08879437,-1.295415923
0.81573909,3.09017552,-1.371192529
0.8163165,3.09707757,-1.446945977
0.81689391,3.13149376,-1.522676267
0.81747132,3.16574834,-1.598383397
0.81836702,3.19983001,-1.715777261
0.81926272,3.23371615,-1.833154495
0.82,3.28584968,-1.929742918
0.8200346,3.33734074,-1.935253254
0.8200692,3.37930826,-1.940763501
0.8202422,3.38131487,-1.968313393
0.82104756,3.38332054,-2.096535887
0.82185292,3.39333497,-2.224709897
0.82310301,3.4385559,-2.423566622
0.82435309,3.4832967,-2.622306538
0.825,3.55175266,-2.725106284
0.82504795,3.61883128,-2.734375475
0.82509591,3.65222131,-2.743644452
0.82533567,3.65483989,-2.789986225
0.8265345,3.65745669,-3.021616703
0.82786957,3.670514,-3.279418999
0.82920465,3.73514183,-3.537059305
0.83,3.80291087,-3.690467053
0.83003218,3.86919412,-3.697653564
0.83006437,3.90537089,-3.704839957
0.83022529,3.90693087,-3.740770317
0.83102989,3.90849011,-3.920381268
0.83209211,3.9162752,-4.157545898
0.83349787,3.95492611,-4.471282256
0.83490363,4.0051756,-4.784844219
0.835,4.07042106,-4.806332628
0.83506695,4.13401872,-4.822533306
0.83513389,4.13907273,-4.838733563
0.83546863,4.14208709,-4.91972838
0.83709977,4.1450982,-5.314254286
0.83848873,4.16010571,-5.650002309
0.83987768,4.23153682,-5.985565639
0.84,4.29088159,-6.015108315
0.84005673,4.34869515,-6.029017068
0.84011347,4.35387945,-6.042925497
0.84039714,4.35617918,-6.112462985
0.84181547,4.35847667,-6.460033154
0.84323381,4.36993114,-6.807407814
0.84465215,4.42642474,-7.154841572
0.845,4.48160847,-7.240053789
0.84524832,4.53530311,-7.298634959
0.84549664,4.55054869,-7.357211448
0.84673822,4.56165056,-7.650023688
0.84809333,4.57269207,-7.969473692
0.84944843,4.62706685,-8.288784283
0.85,4.68001508,-8.418712652
0.85014472,4.72971473,-8.450680151
0.85028943,4.73551474,-8.482646171
0.85101302,4.74129561,-8.642453844
0.85255089,4.76993252,-8.981978799
0.85408876,4.82047328,-9.321335281
0.855,4.86951158,-9.522334651
0.8553173,4.89246143,-9.588303625
0.85563459,4.90633643,-9.654265851
0.85722108,4.92009235,-9.984288882
0.85861998,4.96809007,-10.27535523
0.86,5.02908302,-10.56239216
0.86088241,5.03988136,-10.74172594
0.86176482,5.06797164,-10.92101909
0.8631116,5.09556904,-11.19458592
0.86445837,5.13247902,-11.46805811
0.865,5.16831033,-11.57801262
0.86534999,5.17341199,-11.65096255
0.86569997,5.18297929,-11.72390593
0.86735341,5.19248297,-12.06842208
0.86899587,5.23329786,-12.41055414
0.87,5.28923942,-12.61992755
0.87051144,5.2948043,-12.73392656
0.87102288,5.30550131,-12.84791345
0.87269992,5.31612231,-13.22160058
0.87437696,5.35387298,-13.59515737
0.875,5.39053654,-13.73390345
0.87518649,5.4059418,-13.77919794
0.87537297,5.4185188,-13.82449068
0.87630541,5.43100107,-14.050928
0.87774652,5.46209746,-14.4008085
0.87918763,5.49248115,-14.75058407
0.88,5.50877241,-14.94770998
0.88027164,5.52068657,-15.01968353
0.88054328,5.53253348,-15.09165302
0.88190149,5.56198905,-15.45153671
0.88335103,5.59090566,-15.83569958
0.88480056,5.60533097,-16.21976093
0.885,5.62158394,-16.27259529
0.88569293,5.6377561,-16.46930263
0.88638585,5.66484207,-16.66598513
0.88786813,5.69155865,-17.08663703
0.88935041,5.69755603,-17.5071752
0.89,5.70979687,-17.69143514
0.89049789,5.72201555,-17.84146194
0.89099578,5.74920899,-17.99147512
0.89279338,5.7761842,-18.53297165
0.89459098,5.78716263,-19.07432552
0.895,5.80440658,-19.19749377
0.89550909,5.82166327,-19.35371525
0.89601818,5.84904401,-19.50992269
0.89782519,5.87564843,-20.06426376
0.8996322,5.88452083,-20.61842795
0.9,5.89340232,-20.73120085
0.90053412,5.92535906,-20.89449676
0.90106824,5.95736509,-21.05777726
0.90287365,5.96421723,-21.60957443
0.90467906,5.97522241,-22.16119554
0.905,5.98625332,-22.25923583
0.90555763,6.01409796,-22.41523445
0.90611526,6.04205695,-22.57121767
0.90791788,6.05369022,-23.07521133
0.90972051,6.06082956,-23.57899107
0.91,6.06798121,-23.65708491
0.91026764,6.10074585,-23.71522641
0.91053528,6.14132026,-23.77336501
0.91187348,6.14499746,-24.06401441
0.91338454,6.14810201,-24.39212213
0.91489561,6.15121002,-24.72013718
0.915,6.16684316,-24.7427941
0.91523674,6.19404673,-24.78221319
0.91547347,6.22170345,-24.82163056
0.91665715,6.24018535,-25.0186911
0.91811072,6.24321047,-25.26062403
0.91956429,6.24623461,-25.50243721
0.92,6.26136073,-25.57487184
0.92008959,6.29019243,-25.58454452
0.92017919,6.31906336,-25.594217
0.92062715,6.33706085,-25.6425769
0.9224128,6.33857734,-25.83530361
0.92484419,6.34009343,-26.09761623
0.925,6.34767139,-26.11442125
0.92511568,6.38573539,-26.12184174
0.92523137,6.43336522,-26.12926202
0.92580978,6.434114,-26.16636094
0.92769137,6.43742904,-26.28701496
0.92957297,6.44074271,-26.407623
0.93,6.45730103,-26.43498861
0.93017584,6.48677713,-26.44528762
0.93035167,6.51609954,-26.45558629
0.93123085,6.53072489,-26.50707402
0.93273804,6.53269087,-26.59534786
0.93424524,6.53465671,-26.68360763
0.935,6.54448635,-26.72779593
0.93513065,6.58091163,-26.740908
0.93526129,6.61727166,-26.75401976
0.93591453,6.6265616,-26.81957339
0.93776568,6.62777339,-27.00529502
0.93961683,6.62898516,-27.19094865
0.94,6.63504257,-27.22936869
0.94012049,6.66518228,-27.25011002
0.94024099,6.69484298,-27.27085084
0.94084346,6.72035727,-27.37454767
0.94262048,6.7228154,-27.68033242
0.94467802,6.72527431,-28.03428319
0.945,6.73757236,-28.08967522
0.94518427,6.77241466,-28.13634806
0.94536854,6.80687711,-28.18301927
0.94628989,6.81172687,-28.41635073
0.94787803,6.81319452,-28.81845079
0.94946617,6.81466273,-29.22042913
0.95,6.82200987,-29.35552196
0.95009768,6.85709445,-29.38580217
0.95019536,6.90176717,-29.41608182
0.95068375,6.90454252,-29.56747162
0.95255389,6.90731829,-30.14703448
0.955,6.92118459,-30.90478098
0.95504689,6.95083635,-30.91706006
0.95509379,6.97991007,-30.929339
0.95532825,6.98920042,-30.99073217
0.95650058,6.98976102,-31.29765675
0.95810848,6.99032168,-31.71862862
0.95971637,6.99312624,-32.13950723
0.96,7.00708752,-32.21373592
0.96007202,7.0212532,-32.23125291
0.96014403,7.05149811,-32.2487697
0.96050412,7.07772473,-32.33635001
0.96230454,7.07883605,-32.77416421
0.96449302,7.07994662,-33.30614788
0.965,7.08548741,-33.42935516
0.96514747,7.11281266,-33.46990044
0.96529494,7.14310442,-33.51044462
0.96603228,7.16366192,-33.71314898
0.96783832,7.16669544,-34.2095352
0.96964436,7.16972082,-34.70583224
0.97,7.18472973,-34.80363903
0.97014476,7.21192609,-34.84257105
0.97028951,7.23846636,-34.88150216
0.97101329,7.2426085,-35.07614354
0.97286378,7.24517141,-35.57367699
0.97471427,7.24773095,-36.07105721
0.975,7.26048386,-36.14784296
0.97517981,7.28712104,-36.19384293
0.97535963,7.31332415,-36.2398415
0.97625869,7.31756604,-36.46981377
0.97803803,7.32029374,-36.92485098
0.97981737,7.32301586,-37.37975326
0.98,7.33654219,-37.42643566
0.9802614,7.36133109,-37.49716857
0.9805228,7.38547792,-37.5678984
0.98182978,7.38844692,-37.9215014
0.98358437,7.39252496,-38.39697065
0.985,7.39658884,-38.78056948
0.9853414,7.41674079,-38.87978468
0.9856828,7.44073038,-38.97899523
0.98738981,7.45505943,-39.47497825
0.98974949,7.45859762,-40.16041053
0.99,7.4621244,-40.23316394
0.99037581,7.47963272,-40.33478309
0.99075161,7.5000666,-40.43639701
0.99262077,7.51814674,-40.94172084
0.995,7.52078979,-41.58489382
0.99527681,7.5234256,-41.64530288
0.99555362,7.53653372,-41.7057099
0.99693767,7.55474607,-42.0077142
0.99848144,7.57270314,-42.34450915
1,7.5780874,-42.67574052
1.00031773,7.58176922,-42.73648613
1.00063545,7.58543857,-42.79722939
1.00222408,7.6037113,-43.10091001
1.00384289,7.62217735,-43.41029876
1.005,7.63551266,-43.63140806
1.00526049,7.63825423,-43.67724546
1.00552098,7.64098884,-43.72308139
1.00682343,7.65461645,-43.95223895
1.00823499,7.67024473,-44.2007372
1.00964655,7.68570475,-44.44924273
1.01,7.69085883,-44.51146173
1.01026873,7.69379489,-44.54827575
1.01053746,7.69672699,-44.58508863
1.01188111,7.71140786,-44.76913578
1.01327485,7.72657427,-44.96001388
1.01466859,7.74166487,-45.15086111
1.015,7.74514389,-45.19623639
1.01517134,7.74692421,-45.21696573
1.01534268,7.74870433,-45.23769466
1.01619937,7.75762306,-45.34133312
1.0176703,7.77382483,-45.51925478
1.01914124,7.79014025,-45.69714596
1.02,7.79979227,-45.80090529
1.02021272,7.80142809,-45.82485613
1.02042543,7.8030646,-45.84880634
1.02148902,7.81126092,-45.96854744
1.02287527,7.82995464,-46.12459078
1.02426153,7.84862627,-46.28060622
1.025,7.85510167,-46.36370631
1.02527184,7.85617954,-46.39178802
1.02554368,7.85725894,-46.41986875
1.02690288,7.86268487,-46.56025759
1.02830578,7.88392792,-46.70513507
1.02970869,7.909993,-46.84998626
1.03,7.91396386,-46.88006126
1.03021611,7.91621002,-46.89929874
1.03043222,7.91846261,-46.91853568
1.03151276,7.92983442,-47.01471231
1.03291548,7.9483891,-47.13907335
1.03431821,7.96730079,-47.26287612
1.035,7.97816629,-47.32303957
1.03533067,7.98163327,-47.34780645
1.03566134,7.98511721,-47.37257198
1.0373147,8.00284744,-47.4963795
1.03896805,8.02239653,-47.62015351
1.04,8.04244083,-47.69739086
1.04010056,8.04814348,-47.70451805
1.04020113,8.04943621,-47.71164508
1.04070395,8.05073132,-47.7472786
1.04177429,8.05724582,-47.8231216
1.04209143,8.07219568,-47.84559122
1.04228917,8.07679479,-47.85960071
1.04244587,8.08203036,-47.87070224
1.04262497,8.08511959,-47.88339006
1.04265836,8.08845007,-47.88575554
1.04267704,8.08926646,-47.88707858
1.04268402,8.08987879,-47.88757326
1.04268733,8.09001727,-47.88780795
1.04269065,8.09005293,-47.88804261
1.04270721,8.09008858,-47.88921601
1.04279003,8.09026687,-47.89508293
1.04320412,8.091159,-47.92441636
1.04458216,8.09563595,-48.02201917
1.045,8.11778125,-48.05141515
1.04505578,8.1261677,-48.05380765
1.04511157,8.12701644,-48.05620007
1.04539049,8.12786604,-48.06816188
1.04658145,8.13212764,-48.11922792
1.0477724,8.15095429,-48.17028028
1.04896335,8.17030721,-48.22131892
1.05,8.19423069,-48.26573349
1.05005751,8.21307113,-48.2683255
1.05011501,8.21412646,-48.27091753
1.05040255,8.21518297,-48.28387695
1.05144118,8.22048428,-48.33068141
1.05247981,8.23896487,-48.37747495
1.05382165,8.25793238,-48.43791321
1.055,8.28538815,-48.49097233
1.05505826,8.30963194,-48.49278854
1.05511651,8.31137902,-48.49460478
1.05540779,8.31312894,-48.50368544
1.0568642,8.32192397,-48.54907935
1.05817189,8.35521654,-48.58875173
1.05947957,8.38461365,-48.62767353
1.06,8.41463682,-48.64315928
1.06008382,8.41648063,-48.64425091
1.06016764,8.41849651,-48.64534252
1.06058676,8.42051555,-48.65079986
1.06217749,8.43066184,-48.67150522
1.06352351,8.46696786,-48.68901545
1.06486953,8.49901328,-48.70651656
1.065,8.5316975,-48.70821251
1.06505824,8.53345549,-48.70974758
1.06511649,8.53494045,-48.71128256
1.06540771,8.53642687,-48.7189572
1.06686384,8.54388147,-48.75731943
1.06816543,8.5817659,-48.79159533
1.06946703,8.61493153,-48.82585677
1.07,8.64862403,-48.83983478
1.07004876,8.66021597,-48.84161893
1.07009751,8.66144225,-48.84340314
1.07034129,8.66266944,-48.85232342
1.07156017,8.66881941,-48.89691241
1.07287123,8.69994966,-48.9448501
1.07418229,8.73574131,-48.99276356
1.075,8.77216025,-49.02263509
1.07503701,8.79670699,-49.02489558
1.07507402,8.79780709,-49.02715605
1.07525908,8.7989078,-49.03845784
1.07618438,8.80442056,-49.09495557
1.07762563,8.83221832,-49.18291966
1.07906689,8.87274375,-49.27083818
1.08,8.91383597,-49.32773524
1.08024558,8.94225943,-49.35007175
1.08049116,8.9494506,-49.37240635
1.08171905,8.95666517,-49.48405102
1.08306944,8.99310213,-49.60612486
1.08441982,9.03468557,-49.7271312
1.085,9.07676577,-49.77909969
1.08522833,9.09619414,-49.80507002
1.08545666,9.10492965,-49.831038
1.08659832,9.11369204,-49.9608424
1.08796477,9.15790983,-50.11612834
1.08933123,9.20269532,-50.27132972
1.09,9.24785924,-50.34725817
1.09026446,9.25765233,-50.38221078
1.09052892,9.2666285,-50.41715976
1.0918512,9.27562753,-50.59185013
1.0932245,9.32098365,-50.77318257
1.09459779,9.36685584,-50.95441683
1.095,9.41303312,-51.00747738
1.09528056,9.42548074,-51.04606799
1.09556112,9.43695771,-51.08456827
1.09696392,9.44846054,-51.27700002
1.09836672,9.50391536,-51.4693157
1.09976951,9.55417589,-51.66151542
1.1,9.59822111,-51.6930837
1.10029277,9.60892391,-51.73087288
1.10058555,9.61963944,-51.76865717
1.10204942,9.67344406,-51.95750716
1.1035133,9.72132641,-52.14623741
1.10497717,9.76913502,-52.33484812
1.105,9.77368148,-52.33778884
1.10507469,9.77744886,-52.34800556
1.10514937,9.78121612,-52.35822206
1.10552281,9.80005307,-52.40929917
1.10712439,9.85604248,-52.62826513
1.10846656,9.90722444,-52.81167885
1.10980873,9.94886153,-52.99500826
1.11,9.95602865,-53.02112508
1.11013571,9.96319392,-53.03911603
1.11027142,9.99900806,-53.05710592
1.11094996,10.04481974,-53.14703966
1.11250394,10.09036647,-53.35290324
1.11405791,10.12197571,-53.55862872
1.115,10.12466378,-53.68328095
1.11506475,10.12735109,-53.69323224
1.11512949,10.14077701,-53.70318337
1.11545322,10.19207105,-53.75293453
1.11681872,10.236974,-53.96271361
1.11818422,10.28132201,-54.17237001
1.11954973,10.29101033,-54.38190361
1.12,10.29514184,-54.45097012
1.12013935,10.29926965,-54.47769518
1.12027871,10.31985383,-54.50444516
1.12097548,10.36957213,-54.63865273
1.12254605,10.43811347,-54.94103435
1.12411662,10.45301951,-55.24323184
1.125,10.45582198,-55.41312418
1.12512732,10.45862249,-55.43967781
1.12525464,10.47259842,-55.46623012
1.12589124,10.53434447,-55.59897211
1.12766118,10.59497112,-55.96786063
1.12943112,10.60760114,-56.33649652
1.13,10.61130546,-56.45492788
1.13017209,10.6150046,-56.49309929
1.13034418,10.63342483,-56.53126816
1.13120465,10.68381816,-56.72207423
1.13267135,10.74537251,-57.04716777
1.13413806,10.75335092,-57.37420753
1.135,10.758236,-57.56646603
1.13516437,10.76310791,-57.60538164
1.13532873,10.78728151,-57.64429526
1.13615056,10.82727601,-57.83883192
1.13780971,10.86623967,-58.23141681
1.13946887,10.88793439,-58.62378988
1.14,10.89246505,-58.7493514
1.14016021,10.89698134,-58.78637759
1.14032042,10.91936037,-58.82340184
1.14112147,10.95547302,-59.00849412
1.14278087,10.99053313,-59.39176398
1.14444027,11.01067671,-59.77482658
1.145,11.01449208,-59.90399085
1.14509821,11.01829389,-59.92660229
1.14519642,11.03710708,-59.94921302
1.14568749,11.07374866,-60.06291865
1.14732092,11.10886052,-60.44246739
1.14895435,11.12054985,-60.82186307
1.15,11.12358294,-61.06465363
1.15012583,11.12660496,-61.09400488
1.15025165,11.14155896,-61.12335529
1.15088078,11.17379997,-61.27009344
1.15251894,11.20463963,-61.65206913
1.15464797,11.21725012,-62.14827266
1.155,11.21902073,-62.23029397
1.15510643,11.22078653,-62.25345743
1.15521285,11.22954731,-62.27662036
1.15574498,11.25831934,-62.39242562
1.15740832,11.28391023,-62.75431149
1.15981056,11.3014965,-63.28099055
1.16,11.30281377,-63.32261615
1.16008065,11.30412737,-63.33896217
1.16016129,11.31064259,-63.35530801
1.16056453,11.33535613,-63.43703362
1.16223651,11.35552331,-63.77584429
1.16365347,11.37337203,-64.0629022
1.165,11.37392917,-64.33562654
1.16505359,11.37448544,-64.34526699
1.16510718,11.37725422,-64.35490735
1.16537514,11.39083189,-64.40310777
1.16671493,11.40771051,-64.64407672
1.16806278,11.42385146,-64.88644021
1.16941064,11.43405177,-65.12874762
1.17,11.43528942,-65.23468129
1.17008887,11.43652145,-65.24883808
1.17017773,11.442603,-65.26299471
1.17062206,11.46008723,-65.33396198
1.17229377,11.48131161,-65.60364459
1.17378151,11.4844182,-65.84360784
1.175,11.48560758,-66.04011372
1.17513663,11.4867902,-66.06052411
1.17527325,11.49260974,-66.08093424
1.17595639,11.50673265,-66.18298031
1.17763422,11.52252528,-66.43358123
1.17931205,11.52522818,-66.6841374
1.18,11.52687515,-66.78685928
1.18019189,11.52850849,-66.8134182
1.18038377,11.53651428,-66.83997661
1.18134321,11.54603864,-66.97276039
1.18276891,11.5551137,-67.17004933
1.18419461,11.55902428,-67.36857732
1.185,11.56260159,-67.48093517
1.18514021,11.56613523,-67.4983984
1.18528042,11.57598381,-67.51586146
1.18598147,11.58550071,-67.60317413
1.18761438,11.58854885,-67.80652759
1.18924728,11.58876216,-68.00985752
1.19,11.58897526,-68.10357814
1.19005418,11.59003763,-68.11025589
1.19010835,11.59528082,-68.11693364
1.19037923,11.60349154,-68.15032193
1.19173362,11.61131762,-68.3172538
1.19308802,11.61468892,-68.4841696
1.19444241,11.61499406,-68.65106938
1.195,11.61529913,-68.71977524
1.19505703,11.61682405,-68.72784885
1.19511407,11.62448111,-68.7359224
1.19539924,11.63106433,-68.77628973
1.19680234,11.63756794,-68.97507603
1.19820545,11.63919178,-69.17388743
1.19960856,11.63961216,-69.37268041
1.2,11.64003345,-69.42813722
1.2001391,11.64215451,-69.45089171
1.2002782,11.65000047,-69.47364599
1.20097369,11.65690329,-69.58741427
1.20253173,11.6638665,-69.84225989
1.2044667,11.66510693,-70.15872259
1.205,11.66557083,-70.24593681
1.2050849,11.66603632,-70.26145257
1.20516979,11.66838988,-70.27696827
1.20559427,11.67728753,-70.35454538
1.20709296,11.6851183,-70.62842771
1.20836693,11.69316888,-70.86107904
1.20964091,11.69498461,-71.09238123
1.21,11.69550696,-71.15757204
1.21007282,11.69603112,-71.17078823
1.21014564,11.69868116,-71.18400432
1.21050973,11.70907658,-71.2500834
1.21203251,11.71831726,-71.52643016
1.21329499,11.7278573,-71.75550505
1.21455746,11.73084919,-71.98455121
1.215,11.7316895,-72.06483247
1.21511284,11.73253327,-72.08145501
1.21522568,11.7368084,-72.09807737
1.21578988,11.74937409,-72.18118635
1.21732799,11.76071746,-72.40773255
1.21867088,11.77240579,-72.60549689
1.22,11.77352354,-72.80120666
1.22004646,11.77392518,-72.80669205
1.22009291,11.77432744,-72.81217744
1.2203252,11.77634863,-72.83960388
1.22148662,11.78676105,-72.97579901
1.22241993,11.7963703,-73.08469042
1.22335324,11.80638288,-73.1935675
1.22428655,11.81562798,-73.30243024
1.225,11.82463664,-73.38563933
1.22502268,11.82490022,-73.38964858
1.22504535,11.82516396,-73.39365787
1.22515874,11.82648495,-73.41370393
1.22572568,11.83314575,-73.51392952
1.22680428,11.84485838,-73.70458979
1.22788289,11.85673123,-73.8952214
1.2289615,11.86862177,-74.0858244
1.23,11.88199175,-74.26931328
1.23003975,11.88254537,-74.27979441
1.23007951,11.88309974,-74.29027543
1.23027827,11.88588319,-74.34267988
1.23127209,11.90014106,-74.60468045
1.2325784,11.9158471,-74.94900558
1.2338847,11.93207086,-75.29239005
1.235,11.94542407,-75.58430227
1.23502476,11.94581964,-75.59003104
1.23504952,11.94621548,-75.59575979
1.23517332,11.94819888,-75.62440311
1.23579231,11.95821405,-75.76760982
1.23741642,11.97958577,-76.1432777
1.23986684,12.00045024,-76.70986063
1.24,12.01522707,-76.74064144
1.24010328,12.01609918,-76.76686473
1.24020656,12.0169723,-76.79308751
1.24072295,12.02135449,-76.92419391
1.24215543,12.04230637,-77.28781631
1.24336257,12.06038839,-77.59416001
1.2445697,12.07877591,-77.9004346
1.245,12.09034923,-78.00959514
1.24503492,12.09093358,-78.01915196
1.24506984,12.0915181,-78.02870871
1.24524445,12.09444366,-78.07649148
1.24611749,12.10918012,-78.3153298
1.24754778,12.13193447,-78.70615932
1.24897807,12.15488388,-79.0968796
1.25,12.170073,-79.37597791
1.25005977,12.17096275,-79.39154408
1.25011955,12.17185212,-79.40710999
1.25041841,12.17629317,-79.48493712
1.25182045,12.19835606,-79.84997983
1.25298463,12.21646548,-80.15301786
1.25414882,12.23407508,-80.45598671
1.255,12.24717481,-80.67745471
1.25508627,12.24877329,-80.6999589
1.25517253,12.25036898,-80.72246278
1.25560386,12.25831176,-80.83497624
1.25643184,12.2677802,-81.05092961
1.25725982,12.277187,-81.26684793
1.25827241,12.29359683,-81.53086181
1.25928501,12.3094495,-81.79670048
1.26,12.31724893,-81.9848243
1.26004786,12.31787096,-81.99855868
1.26009571,12.31849212,-82.01229303
1.26033499,12.32158588,-82.08096331
1.26153137,12.33682943,-82.42428214
1.26272775,12.35173815,-82.76754651
1.26392414,12.36603621,-83.11075636
1.265,12.378503,-83.4193454
1.26506797,12.37932771,-83.43755454
1.26513595,12.38014855,-83.45576347
1.26547582,12.384196,-83.54680581
1.26685962,12.39820257,-83.91744646
1.26802051,12.40895615,-84.22833055
1.2691814,12.41848428,-84.53916667
1.27,12.42406458,-84.75832338
1.27012925,12.42476989,-84.78504393
1.2702585,12.42546565,-84.81176403
1.27090475,12.4288087,-84.94535757
1.27222598,12.43645434,-85.22496629
1.27339354,12.44201393,-85.47301805
1.2745611,12.44620608,-85.72107124
1.275,12.44786257,-85.81431789
1.27505406,12.44798363,-85.81995687
1.27510811,12.44810117,-85.82559585
1.2753784,12.44863811,-85.85379077
1.27668431,12.45016951,-85.99001757
1.27782097,12.450243,-86.10859083
1.27895764,12.44888399,-86.22716475
1.28,12.44612197,-86.33590097
1.28004216,12.44594181,-86.3335093
1.28008432,12.44575759,-86.33111762
1.28029512,12.44477777,-86.31915921
1.28134913,12.4387108,-86.25936702
1.28261533,12.43199642,-86.18753712
1.28388153,12.42367733,-86.11792416
1.285,12.41288905,-86.06589564
1.28504341,12.41238267,-86.05535401
1.28508683,12.41187192,-86.04481237
1.28530389,12.40925477,-85.99210202
1.28638922,12.3947815,-85.72850719
1.28747454,12.38027131,-85.46483998
1.28855987,12.36396465,-85.20110061
1.28964519,12.34548498,-84.93728886
1.29,12.34100892,-84.8510289
1.29007768,12.34057772,-84.81695303
1.29015536,12.34014539,-84.7828765
1.29054377,12.33796687,-84.61248411
1.29176364,12.32667898,-84.07722323
1.29279898,12.30064484,-83.6228085
1.29383431,12.27650681,-83.16827716
1.295,12.25023242,-82.65637931
1.29521698,12.22300835,-82.52759169
1.29543396,12.21821457,-82.39879719
1.29651886,12.2133563,-81.75867592
1.29760376,12.18816701,-81.12939167
1.29868867,12.14911628,-80.49969359
1.29977357,12.1116311,-79.8695812
1.3,12.07131127,-79.73801708
1.30008165,12.05121938,-79.68294317
1.30016331,12.04827343,-79.62786679
1.30057158,12.04531387,-79.35244356
1.30178619,12.03031791,-78.53266557
1.30278821,11.97795735,-77.85591478
1.30379024,11.93239414,-77.17875641
1.305,11.88430217,-76.36066763
1.30504418,11.83346221,-76.32897638
1.30508836,11.81921617,-76.29728429
1.30530925,11.81656981,-76.13881102
1.30641372,11.81391683,-75.34613048
1.30751818,11.80055401,-74.5529253
1.30862265,11.73313293,-73.75919592
1.30972712,11.67496767,-72.97811491
1.31,11.61413153,-72.78564851
1.31003602,11.55040104,-72.76011554
1.31007204,11.52264917,-72.73458165
1.31025214,11.51994288,-72.60689807
1.31115264,11.51723205,-71.96812821
1.31240552,11.50361067,-71.07842968
1.31350285,11.43388248,-70.29825019
1.31460019,11.34479627,-69.51719997
1.315,11.2513701,-69.23240964
1.31507449,11.15853048,-69.18101613
1.31514897,11.15358102,-69.1296184
1.31552141,11.14862107,-68.8725727
1.31683728,11.1236655,-67.9636197
1.31795344,11.0143559,-67.19165659
1.31906961,10.9185196,-66.41881978
1.32,10.81904518,-65.77395129
1.32006648,10.724819,-65.72990871
1.32013297,10.71737496,-65.68586348
1.32046539,10.70991376,-65.46559183
1.32183671,10.67235344,-64.56163376
1.32299411,10.53946762,-63.80666365
1.32415151,10.42280885,-63.05044884
1.325,10.30219199,-62.4952793
1.32510467,10.22080653,-62.42892453
1.32520933,10.20924017,-62.36255947
1.32573267,10.19764277,-62.03058769
1.32713216,10.1391983,-61.1416256
1.32833146,9.98250085,-60.37842494
1.32953076,9.84434454,-59.61392773
1.33,9.7020297,-59.31445184
1.33011308,9.64739042,-59.2422482
1.33022615,9.63746041,-59.17003264
1.33079153,9.62751261,-58.8087831
1.33222086,9.57751139,-57.89422113
1.33345356,9.39862963,-57.10399263
1.33468627,9.24288498,-56.31837235
1.335,9.08307915,-56.11918742
1.33506008,9.00654647,-56.07966751
1.33512016,8.99841498,-56.04014351
1.33542057,8.990274,-55.8424626
1.33686882,8.94942886,-54.88800819
1.33809226,8.75017802,-54.07985619
1.33931571,8.57809329,-53.27000832
1.34,8.40213017,-52.81630907
1.34002776,8.30098895,-52.79587473
1.34005552,8.29716543,-52.77543942
1.34019431,8.29334022,-52.67324803
1.3408883,8.27418915,-52.16193152
1.34234879,8.17783921,-51.08388556
1.34371538,7.95667292,-50.0727456
1.345,7.74435419,-49.12012435
1.34501212,7.53538139,-49.10944812
1.34502424,7.53297943,-49.09877166
1.34508485,7.53057691,-49.04538655
1.34538789,7.51855623,-48.77837951
1.34666105,7.45825737,-47.65569041
1.34793421,7.21461436,-46.53483987
1.34920737,7.01607151,-45.41136253
1.35,6.81435601,-44.71058792
1.3500228,6.71484063,-44.68973201
1.35004561,6.71169588,-44.66887561
1.35015962,6.70855036,-44.56457903
1.35072971,6.6928114,-44.04277146
1.35220371,6.61383691,-42.69106798
1.35342995,6.36050208,-41.56380037
1.35465618,6.14868077,-40.43401698
1.355,5.93361197,-40.11679419
1.35501986,5.84093123,-40.09859294
1.35503973,5.83730681,-40.08039139
1.35513904,5.83368165,-39.98937237
1.35563563,5.81554501,-39.5340329
1.35714282,5.72460033,-38.14951438
1.35836766,5.44996443,-37.02159529
1.35959249,5.22414035,-35.89130695
1.36,4.99582488,-35.51475565
1.36002373,4.9207303,-35.494006
1.36004746,4.91395641,-35.47325546
1.36016612,4.90718076,-35.36948967
1.36075939,4.87327647,-34.8503247
1.36229147,4.70313056,-33.5070433
1.36357309,4.44380121,-32.38049249
1.36485472,4.18199101,-31.25133585
1.365,3.96476968,-31.12317353
1.36502143,3.95461769,-31.10600534
1.36504286,3.94446323,-31.08883648
1.36515,3.89365437,-31.00298198
1.36568571,3.6387359,-30.57346089
1.36728098,3.39181003,-29.29196331
1.36858628,3.14338442,-28.24066174
1.36989159,2.98220403,-27.18689822
1.37,2.97192289,-27.09926657
1.3700365,2.96164066,-27.07308053
1.37007299,2.91021355,-27.04689254
1.37025547,2.65271182,-26.91592757
1.37116786,2.3922712,-26.26045955
1.37258402,2.13111853,-25.23914062
1.37400017,1.98482944,-24.21446695
1.375,1.97081489,-23.4896141
1.37504176,1.95680078,-23.46264702
1.37508352,1.88673797,-23.43567812
1.37529232,1.55713864,-23.30080625
1.37633633,1.27774836,-22.62576332
1.37771291,0.99870484,-21.7339423
1.37908949,0.98568297,-20.8401399
1.38,0.96399608,-20.24786024
1.38005051,0.94231577,-20.21642633
1.38010102,0.83402044,-20.18498988
1.38035358,0.50536297,-20.02776944
1.38161637,0.03516658,-19.24070972
1.38300856,-0.0019914,-18.37114555
1.38440075,-0.0159653,-17.49921749
1.385,-0.029934,-17.12206043
1.38505108,-0.09969495,-17.08748259
1.38510215,-0.42266423,-17.05290234
1.38535754,-0.70102865,-16.87996704
1.38663445,-0.96445988,-16.01442817
1.38802625,-0.98778606,-15.0693827
1.38941805,-1.01109238,-14.12263052
1.39,-1.12731858,-13.72625783
1.39008862,-1.42819937,-13.66591361
1.39017724,-1.82428278,-13.60556248
1.39062035,-1.89364188,-13.30370319
1.39223226,-1.91239304,-12.2041646
1.39366358,-1.93112515,-11.22589714
1.395,-2.02449527,-10.31085873
1.39505669,-2.31163332,-10.27425872
1.39511339,-2.56620908,-10.2376561
1.39539685,-2.78025561,-10.05460277
1.39681418,-2.79632048,-9.138313468
1.39823152,-2.81236511,-8.218507887
1.39964885,-2.8922836,-7.297457453
1.4,-3.16379739,-7.069068773
1.40006309,-3.39329061,-7.031641244
1.40012618,-3.61229734,-6.994211466
1.40044162,-3.61523764,-6.807028788
1.40201883,-3.61817703,-5.870271543
1.4033432,-3.63286032,-5.082601569
1.40466756,-3.70595248,-4.293939899
1.405,-3.96234037,-4.095817391
1.40501953,-4.17674415,-4.088814982
1.40503905,-4.22433627,-4.081812424
1.40513669,-4.26031028,-4.046797763
1.40562487,-4.27003437,-3.871675677
1.40725288,-4.27177484,-3.287080937
1.40864758,-4.27388013,-2.78554672
1.40895903,-4.2843956,-2.673457769
1.40919537,-4.33670306,-2.588380755
1.4092221,-4.39310318,-2.578757143
1.40924883,-4.39766984,-2.569133288
1.40938248,-4.40223325,-2.521005177
1.41,-4.42500163,-2.298357038
1.41002768,-4.53764593,-2.285654418
1.41005536,-4.77911425,-2.272951575
1.41019374,-5.01180758,-2.209434014
1.41088568,-5.1113157,-1.891762856
1.41254664,-5.11382446,-1.128647712
1.41461491,-5.11633209,-0.177273812
1.415,-5.1288534,0
1.41501527,-5.19106344,0
1.41503055,-5.29799227,0
1.41510692,-5.38622907,0
1.41548877,-5.47318852,0
1.41626401,-5.5587394,0
1.41695044,-5.68777285,0
1.41772024,-5.75178725,0
1.41849004,-5.75228341,0
1.41950612,-5.7527795,0
1.42,-5.75525869,0
1.42000435,-5.76762393,0
1.42000871,-5.82163468,0
1.42003048,-5.88689961,0
1.42013932,-5.97353428,0
1.42060129,-6.08456415,0
1.4211726,-6.21867905,0
1.42195321,-6.28609995,0
1.42299584,-6.28736554,0
1.42432292,-6.2886303,0
1.425,-6.29494166,0
1.42511125,-6.32618927,0
1.42522251,-6.44066673,0
1.42577878,-6.50761959,0
1.42720068,-6.5707411,0
1.42801152,-6.62393698,0
1.42882237,-6.67448796,0
1.42953433,-6.69427552,0
1.43,-6.69582454,0
1.43001168,-6.69737183,0
1.43002335,-6.70508268,0
1.43008173,-6.74302147,0
1.43037363,-6.79363452,0
1.43116114,-6.84209529,0
1.43194866,-6.90212854,0
1.43273617,-6.95847847,0
1.43377075,-6.99404099,0
1.43480533,-6.99536154,0
1.435,-6.99668006,0
1.43502356,-7.0032423,0
1.43504713,-7.03530817,0
1.43516494,-7.09675933,0
1.43575403,-7.15586588,0
1.43692409,-7.20807531,0
1.43824726,-7.21146826,0
1.43957043,-7.21271696,0
1.44,-7.21396027,0
1.44003056,-7.22009565,0
1.44006112,-7.24869425,0
1.44021391,-7.29017159,0
1.44097786,-7.32044828,0
1.44255431,-7.32997241,0
1.44413076,-7.33095704,0
1.445,-7.33191764,0
1.44505958,-7.33636506,0
1.44511917,-7.34846992,0
1.44541709,-7.3515812,0
1.44690671,-7.3477147,0
1.44824139,-7.34666066,0
1.44957607,-7.34592092,0
1.45,-7.34512927,0
1.45006288,-7.34039125,0
1.45012576,-7.31722763,0
1.45044015,-7.28135662,0
1.45201212,-7.26764353,0
1.45339007,-7.26382712,0
1.45476802,-7.25993028,0
1.455,-7.23925699,0
1.45513735,-7.18446473,0
1.4552747,-7.11955637,0
1.45596146,-7.09706765,0
1.45767508,-7.08974652,0
1.4593887,-7.08232628,0
1.46,-7.04374489,0
1.46011821,-6.97326449,0
1.46023641,-6.89599075,0
1.46082744,-6.84125127,0
1.46243522,-6.82093464,0
1.464043,-6.80025846,0
1.465,-6.69157258,0
1.46544872,-6.54914152,0
1.46589744,-6.50656219,0
1.46768682,-6.48625859,0
1.4694762,-6.46574886,0
1.47,-6.36017389,0
1.47020591,-6.23766755,0
1.47041182,-6.10942194,0
1.47144137,-6.10168003,0
1.4729174,-6.07463435,0
1.47439342,-6.04736415,0
1.475,-5.90772303,0
1.47540631,-5.76272753,0
1.47581262,-5.63654076,0
1.47750311,-5.5931156,0
1.47946645,-5.54928919,0
1.48,-5.37848935,0
1.48028623,-5.14929538,0
1.48057245,-5.1192769,0
1.48200359,-5.02607399,0
1.48344986,-4.93178157,0
1.48489613,-4.7765766,0
1.485,-4.61889785,0
1.48537378,-4.5621247,0
1.48574756,-4.50697862,0
1.48740744,-4.45156496,0
1.48949256,-4.25943532,0
1.49,-4.06453315,0
1.49031632,-3.97553713,0
1.49063265,-3.8837167,0
1.49221427,-3.79148313,0
1.49373921,-3.62534967,0
1.495,-3.45821627,0
1.49542382,-3.36916327,0
1.49584764,-3.30413752,0
1.49749513,-3.23900042,0
1.49960564,-3.03435536,0
1.5,-2.82908496,0
1.50041165,-2.75251284,0
1.5008233,-2.66162473,0
1.50251097,-2.57077536,0
1.50465431,-2.40103765,0
1.505,-2.23176419,0
1.50562928,-2.13566096,0
1.50625856,-2.0604279,0
1.50768729,-1.98534054,0
1.50911603,-1.80958892,0
1.51,-1.63488862,0
1.51061933,-1.52778402,0
1.51123866,-1.45460149,0
1.51268152,-1.38168212,0
1.51412438,-1.2092892,0
1.515,-1.03870049,0
1.51560312,-0.93660637,0
1.51620625,-0.87503982,0
1.51766225,-0.8137619,0
1.51911825,-0.6181721,0
1.52,-0.42588831,0
1.52060311,-0.3700359,0
1.52120622,-0.3088189,0
1.52268779,-0.2479824,0
1.52416936,-0.06243194,0
1.525,0.11918017,0
1.52603746,0.16620935,0
1.52707493,0.22101915,0
1.52862214,0.27542363,0
1.53,0.45131093,0
1.53073514,0.62259705,0
1.53147027,0.6669843,0
1.53290835,0.71621501,0
1.53434643,0.76502975,0
1.535,0.92399976,0
1.53556288,1.07823663,0
1.53612575,1.12854382,0
1.53784135,1.16544628,0
1.53955695,1.20205119,0
1.54,1.3515498,0
1.54126229,1.5248622,0
1.54252458,1.54819294,0
1.54409064,1.59429512,0
1.545,1.6398005,0
1.54538379,1.75285541,0
1.54576758,1.86202748,0
1.54757875,1.92415491,0
1.54938991,1.93763598,0
1.55,1.95105288,0
1.5502533,2.01717596,0
1.5505066,2.10627,0
1.5517731,2.1922839,0
1.55322474,2.25609088,0
1.55467638,2.26391076,0
1.555,2.27170276,0
1.55510531,2.31024512,0
1.55521061,2.40090045,0
1.55573714,2.51633201,0
1.55744778,2.544447,0
1.55915842,2.54823181,0
1.56,2.55200813,0
1.56008438,2.57076259,0
1.56016876,2.6613801,0
1.56059065,2.79063993,0
1.5627001,2.80420179,0
1.56480955,2.81761757,0
1.565,2.8825242,0
1.56516129,2.95355772,0
1.56532258,2.99674483,0
1.56612905,3.00423303,0
1.56777438,3.01166128,0
1.56941971,3.04791079,0
1.57,3.10245114,0
1.57056936,3.15338876,0
1.57113872,3.16560983,0
1.57300184,3.16946896,0
1.57486495,3.17330575,0
1.575,3.19215649,0
1.5751842,3.24170783,0
1.5753684,3.2935197,0
1.57628938,3.30034206,0
1.57790261,3.30971478,0
1.57951583,3.31889528,0
1.58,3.35696839,0
1.58033794,3.40112672,0
1.58067587,3.40447997,0
1.58236555,3.41297465,0
1.58441379,3.42122607,0
1.585,3.44882721,0
1.58579534,3.47350513,0
1.58659067,3.48172498,0
1.58799725,3.48558627,0
1.58940384,3.4893657,0
1.59,3.50706487,0
1.59028934,3.52284018,0
1.59057869,3.53592354,0
1.59202541,3.53813143,0
1.59344555,3.54028959,0
1.5948657,3.550349,0
1.595,3.55985816,0
1.59513276,3.56806812,0
1.59526553,3.57068425,0
1.59592934,3.57168114,0
1.59743682,3.57265419,0
1.59953025,3.57716829,0
1.6,3.58268064,0
1.6001518,3.58708249,0
1.6003036,3.58929843,0
1.6010626,3.59042267,0
1.60254081,3.59141447,0
1.60401901,3.59379932,0
1.605,3.59485164,0
1.60514505,3.59492204,0
1.60529011,3.59490918,0
1.60601537,3.5948676,0
1.60772606,3.59423987,0
1.60943676,3.59282185,0
1.61,3.59068513,0
1.61015623,3.59010327,0
1.61031247,3.58938281,0
1.61109364,3.58861768,0
1.6126549,3.5846072,0
1.61421617,3.57820795,0
1.615,3.57711018,0
1.61518552,3.57545505,0
1.61537103,3.57373709,0
1.61629861,3.56735464,0
1.61773735,3.56028859,0
1.61917608,3.55755567,0
1.62,3.55641987,0
1.6202109,3.55527108,0
1.62042181,3.54933879,0
1.62147633,3.54241611,0
1.62288891,3.5351341,0
1.6243015,3.53272229,0
1.625,3.53040538,0
1.62518228,3.52805616,0
1.62536457,3.51816212,0
1.62627599,3.50494494,0
1.62770453,3.50329915,0
1.62913306,3.50187653,0
1.63,3.50044449,0
1.63045465,3.49314291,0
1.6309093,3.48378917,0
1.63258102,3.47407655,0
1.63471231,3.46919353,0
1.635,3.46766511,0
1.63523349,3.46612888,0
1.63546697,3.45833164,0
1.63663441,3.44782784,0
1.63801463,3.43696546,0
1.63939486,3.4304674,0
1.64,3.4277543,0
1.64018179,3.42501692,0
1.64036359,3.41094967,0
1.64127256,3.39725301,0
1.64268666,3.38625343,0
1.64410075,3.38564509,0
1.645,3.38503573,0
1.64512144,3.38197379,0
1.64524288,3.36628694,0
1.64585009,3.35127976,0
1.64762092,3.33577144,0
1.64939176,3.3347433,0
1.65,3.33371238,0
1.65013795,3.3285153,0
1.6502759,3.30845279,0
1.65096563,3.2792461,0
1.65278654,3.27768874,0
1.65460745,3.27682029,0
1.655,3.27595013,0
1.65507181,3.27157365,0
1.65514363,3.24905023,0
1.6555027,3.22608735,0
1.65729805,3.21068435,0
1.65896682,3.20964575,0
1.66,3.20860505,0
1.66014623,3.20337102,0
1.66029246,3.1840059,0
1.66102362,3.16151327,0
1.66266965,3.15596927,0
1.66431568,3.14980383,0
1.665,3.14751051,0
1.66507162,3.14640362,0
1.66514325,3.14597625,0
1.66550136,3.14589593,0
1.66683247,3.14581561,0
1.66843696,3.14541273,0
1.6688738,3.14336959,0
1.66939704,3.14315584,0
1.66960855,3.14208001,0
1.66971583,3.14099451,0
1.66974193,3.13543376,0
1.66975115,3.11463281,0
1.66976038,3.08367405,0
1.66980651,3.07946518,0
1.67,3.07802434,0
1.67010407,3.07656898,-0.030922737
1.67020815,3.06908609,-0.061845842
1.67072851,3.03883468,-0.216466913
1.67247229,3.00557393,-0.734677364
1.67481601,2.9865106,-1.431399735
1.675,2.98425788,-1.48610829
1.67508965,2.98199502,-1.492539795
1.67517931,2.97053951,-1.498971399
1.67562757,2.93335623,-1.531130905
1.67734164,2.87579628,-1.654124835
1.6790557,2.87369428,-1.777154945
1.68,2.87204373,-1.844948849
1.68009022,2.8703904,-1.843575375
1.68018044,2.86208331,-1.842201881
1.68063155,2.82073648,-1.835334085
1.68230973,2.78482917,-1.809780353
1.6839879,2.74787689,-1.784219173
1.685,2.7466282,-1.768799722
1.6850711,2.74537815,-1.763791611
1.68514219,2.73910756,-1.758783437
1.68549768,2.70725506,-1.733741654
1.68717568,2.66972,-1.61558167
1.68859405,2.63112445,-1.515687347
1.69,2.60812832,-1.416634673
1.69004637,2.60699507,-1.412171919
1.69009274,2.60586096,-1.407709116
1.69032458,2.60017733,-1.385394361
1.6914838,2.57141891,-1.273802234
1.6928403,2.527235,-1.143180495
1.69419679,2.48155374,-1.012516848
1.695,2.45275263,-0.935128834
1.69503792,2.44763817,-0.93141061
1.69507585,2.44250557,-0.927692354
1.69526547,2.4165861,-0.909100569
1.69621356,2.36455632,-0.816129145
1.6976496,2.3115084,-0.675270199
1.69908563,2.28116745,-0.534373086
1.7,2.27233719,-0.444639314
1.70006426,2.26349334,-0.438928649
1.70012853,2.21893176,-0.433217875
1.70044985,2.16667689,-0.404662372
1.70186242,2.113353,-0.279095564
1.70327499,2.10005838,-0.153476172
1.70468756,2.09147713,-0.027804194
1.705,2.08287996,0
1.70515121,2.03970558,0
1.70530242,1.98518479,0
1.70605846,1.93037699,0
1.70773874,1.91068446,0
1.70941903,1.90484908,0
1.71,1.89900794,0
1.71019324,1.86970757,0
1.71038647,1.80916399,0
1.71135266,1.74786636,0
1.71282399,1.71554907,0
1.71429533,1.71223447,0
1.715,1.70891821,0
1.71528041,1.69231297,0
1.71556081,1.62792014,0
1.71696284,1.57082225,0
1.71836487,1.51462548,0
1.7197669,1.51041924,0
1.72,1.50621188,0
1.72027054,1.4851588,0
1.72054108,1.42384034,0
1.7218938,1.36236205,0
1.72324651,1.31111999,0
1.72459922,1.30627011,0
1.725,1.30141971,0
1.72523074,1.27716068,0
1.72546149,1.2136499,0
1.72661521,1.14731104,0
1.72796094,1.10679945,0
1.72930668,1.09594052,0
1.73,1.08508911,0
1.73004954,1.03097264,0
1.73009907,0.9773517,0
1.73034676,0.92409298,0
1.7315852,0.90489942,0
1.73290872,0.89885787,0
1.73423224,0.89282187,0
1.735,0.86272756,0
1.7350763,0.80418557,0
1.73515261,0.74629137,0
1.73553413,0.70898921,0
1.73704634,0.69985137,0
1.73837775,0.69073289,0
1.73970916,0.64544138,0
1.74,0.59528894,0
1.74011651,0.54586293,0
1.74023301,0.52161629,0
1.74081554,0.51661857,0
1.7424259,0.51162925,0
1.74455047,0.48681066,0
1.745,0.42704772,0
1.74514723,0.36871464,0
1.74529446,0.3454415,0
1.74603061,0.34154344,0
1.74756684,0.33765266,0
1.74910307,0.31830887,0
1.75,0.26291293,0
1.7501399,0.19355769,0
1.75027979,0.18275003,0
1.75097928,0.17959428,0
1.75266626,0.17644414,0
1.75435324,0.16077777,0
1.755,0.10825947,0
1.75512454,0.04367384,0
1.75524908,0.03402217,0
1.75587179,0.03079802,0
1.7575332,0.02758218,0
1.75919462,0.01162941,0
1.76,-0.03414671,0
1.76011271,-0.09196679,0
1.76022541,-0.09889424,0
1.76078894,-0.10315235,0
1.76249089,-0.10738905,0
1.76482161,-0.12824783,0
1.765,-0.1625249,0
1.7651706,-0.19507586,0
1.76534119,-0.21343268,0
1.76619417,-0.21634398,0
1.76766649,-0.21923738,0
1.76913881,-0.23343429,0
1.77,-0.26211146,0
1.77006989,-0.29584763,0
1.77013979,-0.30675119,0
1.77048926,-0.30965875,0
1.77223662,-0.31254862,0
1.77371377,-0.32674615,0
1.775,-0.35144441,0
1.77507222,-0.37481849,0
1.77514443,-0.38387128,0
1.77550552,-0.38509165,0
1.77719317,-0.38630682,0
1.77860363,-0.39230303,0
1.78,-0.41356689,0
1.78023089,-0.42917918,0
1.78046178,-0.44344193,0
1.78161623,-0.44449843,0
1.78294298,-0.4451468,0
1.78426973,-0.44579216,0
1.785,-0.44897427,0
1.78507159,-0.46379903,0
1.78514317,-0.47460632,0
1.7855011,-0.48433334,0
1.78721647,-0.48692341,0
1.78861518,-0.48728825,0
1.79,-0.48765136,0
1.79007423,-0.48944109,0
1.79014845,-0.49775079,0
1.79051958,-0.50477888,0
1.79228437,-0.51082033,0
1.79371609,-0.51378572,0
1.795,-0.51412713,0
1.79519594,-0.5144637,0
1.79539188,-0.51607385,0
1.79637159,-0.5210605,0
1.79771368,-0.52402947,0
1.79905576,-0.52584117,0
1.8,-0.52597409,0
1.80006734,-0.52610048,0
1.80013469,-0.52663823,0
1.80047141,-0.5273662,0
1.80215502,-0.52712309,0
1.80351091,-0.52682242,0
1.8048668,-0.52678726,0
1.805,-0.52675111,0
1.8050726,-0.52655524,0
1.8051452,-0.5251985,0
1.80550819,-0.52344053,0
1.80690849,-0.52119055,0
1.80830879,-0.52005446,0
1.8097091,-0.51993187,0
1.81,-0.51980831,0
1.81009937,-0.51917596,0
1.81019874,-0.51566264,0
1.81069559,-0.51213242,0
1.81229056,-0.50827708,0
1.81370523,-0.50657857,0
1.815,-0.50638269,0
1.81512079,-0.50618636,0
1.81524159,-0.50519818,0
1.81584555,-0.50012774,0
1.81743997,-0.49581001,0
1.81952442,-0.49145943,0
1.82,-0.48994441,0
1.82007383,-0.48953723,0
1.82014766,-0.48913018,0
1.82051682,-0.4870975,0
1.82215538,-0.48206102,0
1.82347253,-0.47742121,0
1.82478968,-0.47273724,0
1.825,-0.47248836,0
1.82505219,-0.4722404,0
1.82510439,-0.47101591,0
1.82536535,-0.46661247,0
1.82667016,-0.4627055,0
1.82783891,-0.45933968,0
1.82900765,-0.45852591,0
1.83,-0.45840693,0
1.83007193,-0.4582887,0
1.83014385,-0.45770852,0
1.83050349,-0.45506141,0
1.83188924,-0.45305661,0
1.8331239,-0.45141922,0
1.83435856,-0.4505994,0
1.835,-0.45053989,0
1.83506623,-0.45048174,0
1.83513246,-0.45021168,0
1.83546361,-0.44945139,0
1.83693108,-0.44943571,0
1.83816385,-0.45003685,0
1.83939663,-0.45064808,0
1.84,-0.45069959,0
1.84004725,-0.4507521,0
1.8400945,-0.45102987,0
1.84033075,-0.45279306,0
1.84151198,-0.45517781,0
1.84269977,-0.45820875,0
1.84388757,-0.46133376,0
1.845,-0.46156027,0
1.84504785,-0.46178912,0
1.84509571,-0.46296859,0
1.84533497,-0.46845143,0
1.84653128,-0.47379503,0
1.84771694,-0.47988605,0
1.84890259,-0.48419508,0
1.85,-0.48439038,0
1.8500567,-0.48458628,0
1.85011339,-0.48557487,0
1.85039687,-0.49074167,0
1.85181427,-0.50019528,0
1.85298534,-0.50975459,0
1.85415641,-0.52015109,0
1.85483624,-0.52049502,0
1.855,-0.52087069,0
1.85502557,-0.52124736,0
1.85505113,-0.52314566,0
1.85517896,-0.53300712,0
1.85581812,-0.53971175,0
1.85717295,-0.54275933,0
1.85834142,-0.54586471,0
1.85950988,-0.55789725,0
1.86,-0.57009301,0
1.86004113,-0.57058527,0
1.86008226,-0.57107861,0
1.86028789,-0.5735615,0
1.86131608,-0.58637064,0
1.86215257,-0.60123612,0
1.86276712,-0.61692844,0
1.86338167,-0.63351244,0
1.86454405,-0.63413081,0
1.865,-0.63503423,0
1.86503287,-0.63594021,0
1.86506573,-0.64050861,0
1.86523006,-0.66119755,0
1.86605169,-0.67959415,0
1.8675029,-0.69881677,0
1.86895411,-0.71356018,0
1.87,-0.7149277,0
1.87005056,-0.71629812,0
1.87010113,-0.72319225,0
1.87035394,-0.74719549,0
1.87161803,-0.76838764,0
1.87288212,-0.79019654,0
1.87414621,-0.80555322,0
1.875,-0.80956435,0
1.87504898,-0.81359429,0
1.87509795,-0.83401726,0
1.87534283,-0.85774611,0
1.87656723,-0.88213479,0
1.87779164,-0.90719068,0
1.87901604,-0.90892832,0
1.88,-0.91240967,0
1.88007164,-0.91589974,0
1.88014328,-0.93346568,0
1.88050149,-0.96229729,0
1.88184148,-0.98878507,0
1.8829739,-1.01576052,0
1.88410633,-1.02190789,0
1.885,-1.02875211,0
1.88510584,-1.03561615,0
1.88521168,-1.06609703,0
1.88574089,-1.09241191,0
1.88704727,-1.1190342,0
1.88816651,-1.14157642,NaN
1.88928575,,NaN
1.89,,NaN
1.89018498,,NaN
1.89036996,,NaN
1.89129485,,NaN
1.89256431,,NaN
1.89383378,,NaN
1.895,,NaN
